index,temperature(거실)
2021-01-01 00:00:00,23.519
2021-01-01 01:00:00,23.667
2021-01-01 02:00:00,23.74
2021-01-01 03:00:00,23.9
2021-01-01 04:00:00,23.836
2021-01-01 05:00:00,23.935
2021-01-01 06:00:00,23.883
2021-01-01 07:00:00,23.964
2021-01-01 08:00:00,24.109
2021-01-01 09:00:00,24.238
2021-01-01 10:00:00,24.111
2021-01-01 11:00:00,23.605
2021-01-01 12:00:00,23.218
2021-01-01 13:00:00,23.356
2021-01-01 14:00:00,23.309
2021-01-01 15:00:00,23.064
2021-01-01 16:00:00,23.001
2021-01-01 17:00:00,23.16
2021-01-01 18:00:00,23.22
2021-01-01 19:00:00,23.044
2021-01-01 20:00:00,23.362
2021-01-01 21:00:00,23.611
2021-01-01 22:00:00,23.717
2021-01-01 23:00:00,23.868
2021-01-02 00:00:00,23.971
2021-01-02 01:00:00,24.188
2021-01-02 02:00:00,24.231
2021-01-02 03:00:00,24.352
2021-01-02 04:00:00,24.216
2021-01-02 05:00:00,24.359
2021-01-02 06:00:00,24.254
2021-01-02 07:00:00,24.064
2021-01-02 08:00:00,24.433
2021-01-02 09:00:00,24.448
2021-01-02 10:00:00,24.616
2021-01-02 11:00:00,22.602
2021-01-02 12:00:00,23.177
2021-01-02 13:00:00,23.305
2021-01-02 14:00:00,23.373
2021-01-02 15:00:00,23.266
2021-01-02 16:00:00,23.068
2021-01-02 17:00:00,23.153
2021-01-02 18:00:00,23.462
2021-01-02 19:00:00,23.392
2021-01-02 20:00:00,23.551
2021-01-02 21:00:00,23.853
2021-01-02 22:00:00,24.017
2021-01-02 23:00:00,24.078
2021-01-03 00:00:00,24.017
2021-01-03 01:00:00,24.18
2021-01-03 02:00:00,24.207
2021-01-03 03:00:00,24.262
2021-01-03 04:00:00,24.33
2021-01-03 05:00:00,24.27
2021-01-03 06:00:00,24.374
2021-01-03 07:00:00,24.278
2021-01-03 08:00:00,24.493
2021-01-03 09:00:00,24.514
2021-01-03 10:00:00,24.315
2021-01-03 11:00:00,23.938
2021-01-03 12:00:00,22.396
2021-01-03 13:00:00,22.755
2021-01-03 14:00:00,22.117
2021-01-03 15:00:00,22.443
2021-01-03 16:00:00,22.197
2021-01-03 17:00:00,22.281
2021-01-03 18:00:00,22.549
2021-01-03 19:00:00,22.91
2021-01-03 20:00:00,22.924
2021-01-03 21:00:00,23.241
2021-01-03 22:00:00,22.027535714285712
2021-01-03 23:00:00,22.093357142857144
2021-01-04 00:00:00,22.138428571428566
2021-01-04 01:00:00,22.233
2021-01-04 02:00:00,22.288000000000004
2021-01-04 03:00:00,22.368500000000004
2021-01-04 04:00:00,22.404178571428567
2021-01-04 05:00:00,22.444357142857143
2021-01-04 06:00:00,22.47453571428571
2021-01-04 07:00:00,22.45292857142857
2021-01-04 08:00:00,22.598714285714294
2021-01-04 09:00:00,22.262178571428574
2021-01-04 10:00:00,21.824413793103442
2021-01-04 11:00:00,21.616689655172422
2021-01-04 12:00:00,21.389413793103447
2021-01-04 13:00:00,21.329866666666664
2021-01-04 14:00:00,21.290166666666664
2021-01-04 15:00:00,21.312099999999994
2021-01-04 16:00:00,21.305200000000006
2021-01-04 17:00:00,21.354033333333334
2021-01-04 18:00:00,21.5606
2021-01-04 19:00:00,21.80416666666667
2021-01-04 20:00:00,21.995866666666664
2021-01-04 21:00:00,22.131866666666664
2021-01-04 22:00:00,22.027535714285712
2021-01-04 23:00:00,22.093357142857144
2021-01-05 00:00:00,22.138428571428566
2021-01-05 01:00:00,22.233
2021-01-05 02:00:00,22.288000000000004
2021-01-05 03:00:00,22.368500000000004
2021-01-05 04:00:00,22.404178571428567
2021-01-05 05:00:00,22.444357142857143
2021-01-05 06:00:00,22.47453571428571
2021-01-05 07:00:00,22.45292857142857
2021-01-05 08:00:00,22.598714285714294
2021-01-05 09:00:00,22.262178571428574
2021-01-05 10:00:00,21.715
2021-01-05 11:00:00,21.694
2021-01-05 12:00:00,21.463
2021-01-05 13:00:00,21.262
2021-01-05 14:00:00,21.069
2021-01-05 15:00:00,20.813
2021-01-05 16:00:00,20.667
2021-01-05 17:00:00,20.889
2021-01-05 18:00:00,21.403
2021-01-05 19:00:00,21.814
2021-01-05 20:00:00,22.007
2021-01-05 21:00:00,22.207
2021-01-05 22:00:00,22.303
2021-01-05 23:00:00,22.596
2021-01-06 00:00:00,22.797
2021-01-06 01:00:00,22.926
2021-01-06 02:00:00,23.108
2021-01-06 03:00:00,23.2
2021-01-06 04:00:00,23.357
2021-01-06 05:00:00,23.487
2021-01-06 06:00:00,23.435
2021-01-06 07:00:00,23.154
2021-01-06 08:00:00,22.886
2021-01-06 09:00:00,22.243
2021-01-06 10:00:00,21.39
2021-01-06 11:00:00,20.78
2021-01-06 12:00:00,21.178
2021-01-06 13:00:00,21.494
2021-01-06 14:00:00,21.415
2021-01-06 15:00:00,21.226
2021-01-06 16:00:00,21.467
2021-01-06 17:00:00,21.545
2021-01-06 18:00:00,21.312
2021-01-06 19:00:00,21.965
2021-01-06 20:00:00,22.291
2021-01-06 21:00:00,22.542
2021-01-06 22:00:00,22.534
2021-01-06 23:00:00,22.525
2021-01-07 00:00:00,22.336
2021-01-07 01:00:00,22.353
2021-01-07 02:00:00,22.254
2021-01-07 03:00:00,22.262
2021-01-07 04:00:00,22.301
2021-01-07 05:00:00,22.264
2021-01-07 06:00:00,22.297
2021-01-07 07:00:00,22.168
2021-01-07 08:00:00,22.372
2021-01-07 09:00:00,22.438
2021-01-07 10:00:00,22.31
2021-01-07 11:00:00,22.273
2021-01-07 12:00:00,21.925
2021-01-07 13:00:00,21.535
2021-01-07 14:00:00,21.774
2021-01-07 15:00:00,21.6
2021-01-07 16:00:00,21.513
2021-01-07 17:00:00,21.048
2021-01-07 18:00:00,21.365
2021-01-07 19:00:00,21.632
2021-01-07 20:00:00,21.909
2021-01-07 21:00:00,21.969
2021-01-07 22:00:00,21.849
2021-01-07 23:00:00,21.998
2021-01-08 00:00:00,22.124
2021-01-08 01:00:00,22.25
2021-01-08 02:00:00,21.979
2021-01-08 03:00:00,21.981
2021-01-08 04:00:00,22.066
2021-01-08 05:00:00,22.163
2021-01-08 06:00:00,22.357
2021-01-08 07:00:00,22.255
2021-01-08 08:00:00,22.422
2021-01-08 09:00:00,21.193
2021-01-08 10:00:00,19.055
2021-01-08 11:00:00,19.835
2021-01-08 12:00:00,19.763
2021-01-08 13:00:00,19.448
2021-01-08 14:00:00,19.303
2021-01-08 15:00:00,19.093
2021-01-08 16:00:00,19.216
2021-01-08 17:00:00,19.25
2021-01-08 18:00:00,19.699
2021-01-08 19:00:00,20.076
2021-01-08 20:00:00,20.259
2021-01-08 21:00:00,20.388
2021-01-08 22:00:00,20.426
2021-01-08 23:00:00,20.594
2021-01-09 00:00:00,20.6
2021-01-09 01:00:00,20.766
2021-01-09 02:00:00,20.799
2021-01-09 03:00:00,20.901
2021-01-09 04:00:00,21.058
2021-01-09 05:00:00,21.025
2021-01-09 06:00:00,21.196
2021-01-09 07:00:00,21.118
2021-01-09 08:00:00,21.677
2021-01-09 09:00:00,21.747
2021-01-09 10:00:00,21.643
2021-01-09 11:00:00,21.666
2021-01-09 12:00:00,21.254
2021-01-09 13:00:00,20.862
2021-01-09 14:00:00,20.778
2021-01-09 15:00:00,20.803
2021-01-09 16:00:00,20.732
2021-01-09 17:00:00,20.709
2021-01-09 18:00:00,20.904
2021-01-09 19:00:00,20.966
2021-01-09 20:00:00,21.334
2021-01-09 21:00:00,21.771
2021-01-09 22:00:00,21.931
2021-01-09 23:00:00,22.199
2021-01-10 00:00:00,22.152
2021-01-10 01:00:00,22.251
2021-01-10 02:00:00,22.452
2021-01-10 03:00:00,22.528
2021-01-10 04:00:00,22.6
2021-01-10 05:00:00,22.61
2021-01-10 06:00:00,22.759
2021-01-10 07:00:00,22.732
2021-01-10 08:00:00,22.993
2021-01-10 09:00:00,22.725
2021-01-10 10:00:00,21.902
2021-01-10 11:00:00,21.951
2021-01-10 12:00:00,21.897
2021-01-10 13:00:00,20.842
2021-01-10 14:00:00,21.114
2021-01-10 15:00:00,21.326
2021-01-10 16:00:00,21.405
2021-01-10 17:00:00,21.5
2021-01-10 18:00:00,21.419
2021-01-10 19:00:00,21.55
2021-01-10 20:00:00,21.785
2021-01-10 21:00:00,21.79
2021-01-10 22:00:00,21.872
2021-01-10 23:00:00,21.914
2021-01-11 00:00:00,22.053
2021-01-11 01:00:00,22.276
2021-01-11 02:00:00,22.362
2021-01-11 03:00:00,22.606
2021-01-11 04:00:00,22.689
2021-01-11 05:00:00,22.468
2021-01-11 06:00:00,22.592
2021-01-11 07:00:00,22.679
2021-01-11 08:00:00,22.651
2021-01-11 09:00:00,22.411
2021-01-11 10:00:00,22.123
2021-01-11 11:00:00,20.965
2021-01-11 12:00:00,20.995
2021-01-11 13:00:00,20.064
2021-01-11 14:00:00,19.239
2021-01-11 15:00:00,19.978
2021-01-11 16:00:00,20.25
2021-01-11 17:00:00,20.5
2021-01-11 18:00:00,20.934
2021-01-11 19:00:00,21.463
2021-01-11 20:00:00,21.753
2021-01-11 21:00:00,22.129
2021-01-11 22:00:00,22.455
2021-01-11 23:00:00,22.499
2021-01-12 00:00:00,22.714
2021-01-12 01:00:00,22.852
2021-01-12 02:00:00,23.06
2021-01-12 03:00:00,23.209
2021-01-12 04:00:00,23.26
2021-01-12 05:00:00,23.468
2021-01-12 06:00:00,23.374
2021-01-12 07:00:00,23.434
2021-01-12 08:00:00,23.258
2021-01-12 09:00:00,22.12
2021-01-12 10:00:00,21.737
2021-01-12 11:00:00,22.033
2021-01-12 12:00:00,20.829
2021-01-12 13:00:00,20.489
2021-01-12 14:00:00,20.756
2021-01-12 15:00:00,21.371
2021-01-12 16:00:00,21.516
2021-01-12 17:00:00,21.365
2021-01-12 18:00:00,21.594
2021-01-12 19:00:00,21.966
2021-01-12 20:00:00,22.016
2021-01-12 21:00:00,22.225
2021-01-12 22:00:00,22.356
2021-01-12 23:00:00,22.491
2021-01-13 00:00:00,22.611
2021-01-13 01:00:00,22.708
2021-01-13 02:00:00,22.9
2021-01-13 03:00:00,22.843
2021-01-13 04:00:00,22.959
2021-01-13 05:00:00,23.0
2021-01-13 06:00:00,23.09
2021-01-13 07:00:00,23.277
2021-01-13 08:00:00,23.412
2021-01-13 09:00:00,23.379
2021-01-13 10:00:00,23.226
2021-01-13 11:00:00,22.08
2021-01-13 12:00:00,21.175
2021-01-13 13:00:00,22.181
2021-01-13 14:00:00,22.813
2021-01-13 15:00:00,22.97
2021-01-13 16:00:00,22.838
2021-01-13 17:00:00,22.656
2021-01-13 18:00:00,22.706
2021-01-13 19:00:00,22.819
2021-01-13 20:00:00,23.178
2021-01-13 21:00:00,23.141
2021-01-13 22:00:00,23.247
2021-01-13 23:00:00,23.169
2021-01-14 00:00:00,23.2
2021-01-14 01:00:00,23.398
2021-01-14 02:00:00,23.33
2021-01-14 03:00:00,23.506
2021-01-14 04:00:00,23.501
2021-01-14 05:00:00,23.582
2021-01-14 06:00:00,23.677
2021-01-14 07:00:00,23.609
2021-01-14 08:00:00,23.528
2021-01-14 09:00:00,22.024
2021-01-14 10:00:00,21.631
2021-01-14 11:00:00,21.422
2021-01-14 12:00:00,21.121
2021-01-14 13:00:00,20.908
2021-01-14 14:00:00,20.705
2021-01-14 15:00:00,20.602
2021-01-14 16:00:00,20.541
2021-01-14 17:00:00,20.643
2021-01-14 18:00:00,21.54
2021-01-14 19:00:00,22.225
2021-01-14 20:00:00,22.513
2021-01-14 21:00:00,22.901
2021-01-14 22:00:00,22.9
2021-01-14 23:00:00,23.103
2021-01-15 00:00:00,23.21
2021-01-15 01:00:00,23.307
2021-01-15 02:00:00,23.561
2021-01-15 03:00:00,23.543
2021-01-15 04:00:00,23.797
2021-01-15 05:00:00,23.857
2021-01-15 06:00:00,24.105
2021-01-15 07:00:00,24.166
2021-01-15 08:00:00,23.963
2021-01-15 09:00:00,22.865
2021-01-15 10:00:00,22.333
2021-01-15 11:00:00,22.14
2021-01-15 12:00:00,21.916
2021-01-15 13:00:00,21.717
2021-01-15 14:00:00,21.52
2021-01-15 15:00:00,21.336
2021-01-15 16:00:00,21.192
2021-01-15 17:00:00,21.225
2021-01-15 18:00:00,21.687
2021-01-15 19:00:00,22.088
2021-01-15 20:00:00,22.542
2021-01-15 21:00:00,22.735
2021-01-15 22:00:00,22.7
2021-01-15 23:00:00,22.966
2021-01-16 00:00:00,23.039
2021-01-16 01:00:00,23.374
2021-01-16 02:00:00,23.456
2021-01-16 03:00:00,23.643
2021-01-16 04:00:00,23.783
2021-01-16 05:00:00,23.751
2021-01-16 06:00:00,23.869
2021-01-16 07:00:00,23.923
2021-01-16 08:00:00,24.167
2021-01-16 09:00:00,24.412
2021-01-16 10:00:00,24.023
2021-01-16 11:00:00,23.033
2021-01-16 12:00:00,23.243
2021-01-16 13:00:00,23.172
2021-01-16 14:00:00,23.343
2021-01-16 15:00:00,23.394
2021-01-16 16:00:00,23.252
2021-01-16 17:00:00,23.095
2021-01-16 18:00:00,23.165
2021-01-16 19:00:00,23.499
2021-01-16 20:00:00,23.572
2021-01-16 21:00:00,23.404
2021-01-16 22:00:00,23.218
2021-01-16 23:00:00,23.035
2021-01-17 00:00:00,23.14
2021-01-17 01:00:00,23.1
2021-01-17 02:00:00,23.237
2021-01-17 03:00:00,23.393
2021-01-17 04:00:00,23.377
2021-01-17 05:00:00,23.533
2021-01-17 06:00:00,23.505
2021-01-17 07:00:00,23.485
2021-01-17 08:00:00,23.788
2021-01-17 09:00:00,22.649
2021-01-17 10:00:00,22.324
2021-01-17 11:00:00,22.794
2021-01-17 12:00:00,22.826
2021-01-17 13:00:00,22.302
2021-01-17 14:00:00,22.108
2021-01-17 15:00:00,21.996
2021-01-17 16:00:00,21.951
2021-01-17 17:00:00,21.884
2021-01-17 18:00:00,21.799
2021-01-17 19:00:00,21.704
2021-01-17 20:00:00,21.608
2021-01-17 21:00:00,21.532
2021-01-17 22:00:00,21.446
2021-01-17 23:00:00,21.375
2021-01-18 00:00:00,21.3
2021-01-18 01:00:00,21.209
2021-01-18 02:00:00,21.144
2021-01-18 03:00:00,21.093
2021-01-18 04:00:00,20.969
2021-01-18 05:00:00,20.88
2021-01-18 06:00:00,20.798
2021-01-18 07:00:00,20.704
2021-01-18 08:00:00,20.652
2021-01-18 09:00:00,20.49
2021-01-18 10:00:00,20.513
2021-01-18 11:00:00,20.499
2021-01-18 12:00:00,20.448
2021-01-18 13:00:00,20.264
2021-01-18 14:00:00,20.123
2021-01-18 15:00:00,20.035
2021-01-18 16:00:00,19.891
2021-01-18 17:00:00,19.686
2021-01-18 18:00:00,19.517
2021-01-18 19:00:00,19.33
2021-01-18 20:00:00,19.197
2021-01-18 21:00:00,19.079
2021-01-18 22:00:00,18.969
2021-01-18 23:00:00,18.848
2021-01-19 00:00:00,18.732
2021-01-19 01:00:00,18.674
2021-01-19 02:00:00,18.603
2021-01-19 03:00:00,18.645
2021-01-19 04:00:00,18.601
2021-01-19 05:00:00,18.578
2021-01-19 06:00:00,18.484
2021-01-19 07:00:00,18.356
2021-01-19 08:00:00,18.479
2021-01-19 09:00:00,18.929
2021-01-19 10:00:00,18.779
2021-01-19 11:00:00,18.672
2021-01-19 12:00:00,18.507
2021-01-19 13:00:00,18.342
2021-01-19 14:00:00,18.302
2021-01-19 15:00:00,18.312
2021-01-19 16:00:00,18.659
2021-01-19 17:00:00,19.513
2021-01-19 18:00:00,19.949
2021-01-19 19:00:00,20.413
2021-01-19 20:00:00,20.662
2021-01-19 21:00:00,20.551
2021-01-19 22:00:00,20.598
2021-01-19 23:00:00,20.597
2021-01-20 00:00:00,20.714
2021-01-20 01:00:00,20.803
2021-01-20 02:00:00,20.888
2021-01-20 03:00:00,21.083
2021-01-20 04:00:00,21.044
2021-01-20 05:00:00,21.229
2021-01-20 06:00:00,21.285
2021-01-20 07:00:00,21.397
2021-01-20 08:00:00,21.783
2021-01-20 09:00:00,20.045
2021-01-20 10:00:00,20.176
2021-01-20 11:00:00,20.735
2021-01-20 12:00:00,20.707
2021-01-20 13:00:00,20.627
2021-01-20 14:00:00,20.558
2021-01-20 15:00:00,20.46
2021-01-20 16:00:00,20.356
2021-01-20 17:00:00,20.306
2021-01-20 18:00:00,20.655
2021-01-20 19:00:00,21.061
2021-01-20 20:00:00,21.387
2021-01-20 21:00:00,21.506
2021-01-20 22:00:00,21.505
2021-01-20 23:00:00,21.647
2021-01-21 00:00:00,21.679
2021-01-21 01:00:00,21.832
2021-01-21 02:00:00,21.937
2021-01-21 03:00:00,22.042
2021-01-21 04:00:00,22.222
2021-01-21 05:00:00,22.276
2021-01-21 06:00:00,22.447
2021-01-21 07:00:00,22.461
2021-01-21 08:00:00,22.201
2021-01-21 09:00:00,21.605
2021-01-21 10:00:00,20.612
2021-01-21 11:00:00,21.074
2021-01-21 12:00:00,21.199
2021-01-21 13:00:00,21.055
2021-01-21 14:00:00,20.808
2021-01-21 15:00:00,20.714
2021-01-21 16:00:00,20.594
2021-01-21 17:00:00,20.7
2021-01-21 18:00:00,20.867
2021-01-21 19:00:00,21.245
2021-01-21 20:00:00,21.487
2021-01-21 21:00:00,21.43
2021-01-21 22:00:00,21.449
2021-01-21 23:00:00,21.592
2021-01-22 00:00:00,21.664
2021-01-22 01:00:00,21.893
2021-01-22 02:00:00,21.991
2021-01-22 03:00:00,22.235
2021-01-22 04:00:00,22.4
2021-01-22 05:00:00,22.53
2021-01-22 06:00:00,22.621
2021-01-22 07:00:00,22.655
2021-01-22 08:00:00,22.497
2021-01-22 09:00:00,21.191
2021-01-22 10:00:00,20.425
2021-01-22 11:00:00,20.446
2021-01-22 12:00:00,20.286
2021-01-22 13:00:00,20.14
2021-01-22 14:00:00,20.036
2021-01-22 15:00:00,19.94
2021-01-22 16:00:00,19.769
2021-01-22 17:00:00,19.973
2021-01-22 18:00:00,20.526
2021-01-22 19:00:00,21.076
2021-01-22 20:00:00,21.379
2021-01-22 21:00:00,21.626
2021-01-22 22:00:00,21.7
2021-01-22 23:00:00,21.815
2021-01-23 00:00:00,22.073
2021-01-23 01:00:00,22.214
2021-01-23 02:00:00,22.461
2021-01-23 03:00:00,22.59
2021-01-23 04:00:00,22.722
2021-01-23 05:00:00,22.862
2021-01-23 06:00:00,22.924
2021-01-23 07:00:00,23.152
2021-01-23 08:00:00,23.147
2021-01-23 09:00:00,23.42
2021-01-23 10:00:00,23.253
2021-01-23 11:00:00,22.628
2021-01-23 12:00:00,21.439
2021-01-23 13:00:00,21.965
2021-01-23 14:00:00,22.469
2021-01-23 15:00:00,22.578
2021-01-23 16:00:00,22.458
2021-01-23 17:00:00,22.516
2021-01-23 18:00:00,22.652
2021-01-23 19:00:00,23.067
2021-01-23 20:00:00,23.298
2021-01-23 21:00:00,23.547
2021-01-23 22:00:00,23.643
2021-01-23 23:00:00,23.721
2021-01-24 00:00:00,23.901
2021-01-24 01:00:00,23.962
2021-01-24 02:00:00,24.196
2021-01-24 03:00:00,24.305
2021-01-24 04:00:00,24.519
2021-01-24 05:00:00,24.694
2021-01-24 06:00:00,24.829
2021-01-24 07:00:00,24.837
2021-01-24 08:00:00,25.711
2021-01-24 09:00:00,25.065
2021-01-24 10:00:00,24.65
2021-01-24 11:00:00,24.355
2021-01-24 12:00:00,24.102
2021-01-24 13:00:00,23.938
2021-01-24 14:00:00,23.552
2021-01-24 15:00:00,23.494
2021-01-24 16:00:00,23.512
2021-01-24 17:00:00,23.471
2021-01-24 18:00:00,23.941
2021-01-24 19:00:00,24.253
2021-01-24 20:00:00,24.495
2021-01-24 21:00:00,24.8
2021-01-24 22:00:00,22.027535714285712
2021-01-24 23:00:00,22.093357142857144
2021-01-25 00:00:00,22.138428571428566
2021-01-25 01:00:00,22.233
2021-01-25 02:00:00,22.288000000000004
2021-01-25 03:00:00,22.368500000000004
2021-01-25 04:00:00,22.404178571428567
2021-01-25 05:00:00,22.444357142857143
2021-01-25 06:00:00,22.47453571428571
2021-01-25 07:00:00,22.45292857142857
2021-01-25 08:00:00,22.598714285714294
2021-01-25 09:00:00,22.262178571428574
2021-01-25 10:00:00,21.824413793103442
2021-01-25 11:00:00,21.616689655172422
2021-01-25 12:00:00,21.389413793103447
2021-01-25 13:00:00,23.066
2021-01-25 14:00:00,23.177
2021-01-25 15:00:00,23.328
2021-01-25 16:00:00,23.279
2021-01-25 17:00:00,23.196
2021-01-25 18:00:00,23.078
2021-01-25 19:00:00,22.97
2021-01-25 20:00:00,22.833
2021-01-25 21:00:00,22.696
2021-01-25 22:00:00,22.602
2021-01-25 23:00:00,22.496
2021-01-26 00:00:00,22.403
2021-01-26 01:00:00,22.356
2021-01-26 02:00:00,22.301
2021-01-26 03:00:00,22.244
2021-01-26 04:00:00,22.141
2021-01-26 05:00:00,22.055
2021-01-26 06:00:00,21.994
2021-01-26 07:00:00,21.908
2021-01-26 08:00:00,21.868
2021-01-26 09:00:00,21.718
2021-01-26 10:00:00,21.622
2021-01-26 11:00:00,21.56
2021-01-26 12:00:00,21.5
2021-01-26 13:00:00,21.492
2021-01-26 14:00:00,21.404
2021-01-26 15:00:00,21.4
2021-01-26 16:00:00,21.399
2021-01-26 17:00:00,21.399
2021-01-26 18:00:00,21.314
2021-01-26 19:00:00,21.256
2021-01-26 20:00:00,21.13
2021-01-26 21:00:00,21.089
2021-01-26 22:00:00,21.021
2021-01-26 23:00:00,21.0
2021-01-27 00:00:00,20.933
2021-01-27 01:00:00,20.872
2021-01-27 02:00:00,20.772
2021-01-27 03:00:00,20.688
2021-01-27 04:00:00,20.601
2021-01-27 05:00:00,20.542
2021-01-27 06:00:00,20.472
2021-01-27 07:00:00,20.385
2021-01-27 08:00:00,20.458
2021-01-27 09:00:00,20.875
2021-01-27 10:00:00,20.516
2021-01-27 11:00:00,20.433
2021-01-27 12:00:00,20.338
2021-01-27 13:00:00,20.246
2021-01-27 14:00:00,20.235
2021-01-27 15:00:00,20.329
2021-01-27 16:00:00,20.373
2021-01-27 17:00:00,20.355
2021-01-27 18:00:00,20.299
2021-01-27 19:00:00,20.201
2021-01-27 20:00:00,20.165
2021-01-27 21:00:00,20.1
2021-01-27 22:00:00,20.078
2021-01-27 23:00:00,20.0
2021-01-28 00:00:00,19.971
2021-01-28 01:00:00,19.9
2021-01-28 02:00:00,19.83
2021-01-28 03:00:00,19.769
2021-01-28 04:00:00,19.701
2021-01-28 05:00:00,19.64
2021-01-28 06:00:00,19.587
2021-01-28 07:00:00,19.5
2021-01-28 08:00:00,19.431
2021-01-28 09:00:00,19.24
2021-01-28 10:00:00,19.126
2021-01-28 11:00:00,19.171
2021-01-28 12:00:00,19.2
2021-01-28 13:00:00,19.259
2021-01-28 14:00:00,19.287
2021-01-28 15:00:00,19.235
2021-01-28 16:00:00,19.2
2021-01-28 17:00:00,19.146
2021-01-28 18:00:00,19.015
2021-01-28 19:00:00,18.947
2021-01-28 20:00:00,18.878
2021-01-28 21:00:00,18.8
2021-01-28 22:00:00,18.725
2021-01-28 23:00:00,18.62
2021-01-29 00:00:00,18.548
2021-01-29 01:00:00,18.454
2021-01-29 02:00:00,18.377
2021-01-29 03:00:00,18.296
2021-01-29 04:00:00,18.203
2021-01-29 05:00:00,18.2
2021-01-29 06:00:00,18.129
2021-01-29 07:00:00,18.02
2021-01-29 08:00:00,19.022
2021-01-29 09:00:00,19.667
2021-01-29 10:00:00,18.673
2021-01-29 11:00:00,18.436
2021-01-29 12:00:00,18.291
2021-01-29 13:00:00,18.143
2021-01-29 14:00:00,18.092
2021-01-29 15:00:00,18.262
2021-01-29 16:00:00,18.972
2021-01-29 17:00:00,19.795
2021-01-29 18:00:00,20.565
2021-01-29 19:00:00,21.487
2021-01-29 20:00:00,22.133
2021-01-29 21:00:00,22.521
2021-01-29 22:00:00,22.675
2021-01-29 23:00:00,22.701
2021-01-30 00:00:00,22.864
2021-01-30 01:00:00,22.996
2021-01-30 02:00:00,23.136
2021-01-30 03:00:00,23.3
2021-01-30 04:00:00,23.275
2021-01-30 05:00:00,23.402
2021-01-30 06:00:00,23.252
2021-01-30 07:00:00,23.286
2021-01-30 08:00:00,23.315
2021-01-30 09:00:00,23.066
2021-01-30 10:00:00,22.804
2021-01-30 11:00:00,22.801
2021-01-30 12:00:00,22.644
2021-01-30 13:00:00,22.762
2021-01-30 14:00:00,22.829
2021-01-30 15:00:00,22.762
2021-01-30 16:00:00,22.616
2021-01-30 17:00:00,22.592
2021-01-30 18:00:00,22.811
2021-01-30 19:00:00,22.604
2021-01-30 20:00:00,23.029
2021-01-30 21:00:00,23.2
2021-01-30 22:00:00,23.353
2021-01-30 23:00:00,23.5
2021-01-31 00:00:00,23.611
2021-01-31 01:00:00,23.763
2021-01-31 02:00:00,23.752
2021-01-31 03:00:00,23.899
2021-01-31 04:00:00,23.789
2021-01-31 05:00:00,23.782
2021-01-31 06:00:00,23.698
2021-01-31 07:00:00,23.715
2021-01-31 08:00:00,24.048
2021-01-31 09:00:00,24.624
2021-01-31 10:00:00,23.305
2021-01-31 11:00:00,23.263
2021-01-31 12:00:00,23.256
2021-01-31 13:00:00,22.905
2021-01-31 14:00:00,23.097
2021-01-31 15:00:00,23.233
2021-01-31 16:00:00,23.272
2021-01-31 17:00:00,23.07
2021-01-31 18:00:00,22.871
2021-01-31 19:00:00,23.102
2021-01-31 20:00:00,23.199
2021-01-31 21:00:00,23.572
2021-01-31 22:00:00,23.482
2021-01-31 23:00:00,23.667
2021-02-01 00:00:00,23.798
2021-02-01 01:00:00,23.982
2021-02-01 02:00:00,24.1
2021-02-01 03:00:00,24.254
2021-02-01 04:00:00,24.471
2021-02-01 05:00:00,24.53
2021-02-01 06:00:00,24.746
2021-02-01 07:00:00,24.728
2021-02-01 08:00:00,24.516
2021-02-01 09:00:00,23.897
2021-02-01 10:00:00,22.5
2021-02-01 11:00:00,22.329
2021-02-01 12:00:00,21.623
2021-02-01 13:00:00,21.909
2021-02-01 14:00:00,22.1
2021-02-01 15:00:00,22.266
2021-02-01 16:00:00,22.155
2021-02-01 17:00:00,22.126
2021-02-01 18:00:00,22.553
2021-02-01 19:00:00,22.73
2021-02-01 20:00:00,22.969
2021-02-01 21:00:00,23.132
2021-02-01 22:00:00,23.095
2021-02-01 23:00:00,23.254
2021-02-02 00:00:00,23.18
2021-02-02 01:00:00,23.284
2021-02-02 02:00:00,23.3
2021-02-02 03:00:00,23.384
2021-02-02 04:00:00,23.484
2021-02-02 05:00:00,23.269
2021-02-02 06:00:00,23.382
2021-02-02 07:00:00,23.291
2021-02-02 08:00:00,23.178
2021-02-02 09:00:00,22.503
2021-02-02 10:00:00,22.301
2021-02-02 11:00:00,22.175
2021-02-02 12:00:00,21.903
2021-02-02 13:00:00,21.635
2021-02-02 14:00:00,21.392
2021-02-02 15:00:00,21.211
2021-02-02 16:00:00,21.431
2021-02-02 17:00:00,21.634
2021-02-02 18:00:00,22.02
2021-02-02 19:00:00,22.196
2021-02-02 20:00:00,22.34
2021-02-02 21:00:00,22.526
2021-02-02 22:00:00,22.418
2021-02-02 23:00:00,22.525
2021-02-03 00:00:00,22.178
2021-02-03 01:00:00,22.08
2021-02-03 02:00:00,22.427
2021-02-03 03:00:00,22.52
2021-02-03 04:00:00,22.6
2021-02-03 05:00:00,22.514
2021-02-03 06:00:00,22.718
2021-02-03 07:00:00,22.792
2021-02-03 08:00:00,23.631
2021-02-03 09:00:00,23.941
2021-02-03 10:00:00,21.383
2021-02-03 11:00:00,21.414
2021-02-03 12:00:00,21.256
2021-02-03 13:00:00,19.935
2021-02-03 14:00:00,20.111
2021-02-03 15:00:00,20.5
2021-02-03 16:00:00,20.775
2021-02-03 17:00:00,20.548
2021-02-03 18:00:00,20.467
2021-02-03 19:00:00,21.149
2021-02-03 20:00:00,21.356
2021-02-03 21:00:00,21.642
2021-02-03 22:00:00,21.687
2021-02-03 23:00:00,21.757
2021-02-04 00:00:00,21.779
2021-02-04 01:00:00,21.732
2021-02-04 02:00:00,21.888
2021-02-04 03:00:00,21.839
2021-02-04 04:00:00,21.951
2021-02-04 05:00:00,22.0
2021-02-04 06:00:00,22.122
2021-02-04 07:00:00,22.604
2021-02-04 08:00:00,24.026
2021-02-04 09:00:00,24.175
2021-02-04 10:00:00,22.419
2021-02-04 11:00:00,22.029
2021-02-04 12:00:00,21.715
2021-02-04 13:00:00,21.334
2021-02-04 14:00:00,21.036
2021-02-04 15:00:00,20.868
2021-02-04 16:00:00,20.701
2021-02-04 17:00:00,20.569
2021-02-04 18:00:00,20.682
2021-02-04 19:00:00,21.107
2021-02-04 20:00:00,21.36
2021-02-04 21:00:00,21.329
2021-02-04 22:00:00,21.309
2021-02-04 23:00:00,21.373
2021-02-05 00:00:00,21.383
2021-02-05 01:00:00,21.665
2021-02-05 02:00:00,21.755
2021-02-05 03:00:00,21.965
2021-02-05 04:00:00,22.082
2021-02-05 05:00:00,22.128
2021-02-05 06:00:00,22.288
2021-02-05 07:00:00,22.241
2021-02-05 08:00:00,22.243
2021-02-05 09:00:00,21.714
2021-02-05 10:00:00,20.747
2021-02-05 11:00:00,20.876
2021-02-05 12:00:00,20.801
2021-02-05 13:00:00,20.727
2021-02-05 14:00:00,20.654
2021-02-05 15:00:00,20.538
2021-02-05 16:00:00,20.461
2021-02-05 17:00:00,20.659
2021-02-05 18:00:00,21.167
2021-02-05 19:00:00,21.447
2021-02-05 20:00:00,21.682
2021-02-05 21:00:00,22.008
2021-02-05 22:00:00,22.142
2021-02-05 23:00:00,22.349
2021-02-06 00:00:00,22.197
2021-02-06 01:00:00,22.255
2021-02-06 02:00:00,22.303
2021-02-06 03:00:00,22.445
2021-02-06 04:00:00,22.883
2021-02-06 05:00:00,23.021
2021-02-06 06:00:00,23.205
2021-02-06 07:00:00,23.265
2021-02-06 08:00:00,23.547
2021-02-06 09:00:00,23.792
2021-02-06 10:00:00,23.543
2021-02-06 11:00:00,23.4
2021-02-06 12:00:00,23.163
2021-02-06 13:00:00,23.026
2021-02-06 14:00:00,23.0
2021-02-06 15:00:00,22.931
2021-02-06 16:00:00,22.846
2021-02-06 17:00:00,23.014
2021-02-06 18:00:00,23.012
2021-02-06 19:00:00,22.824
2021-02-06 20:00:00,21.667
2021-02-06 21:00:00,21.84
2021-02-06 22:00:00,22.129
2021-02-06 23:00:00,22.39
2021-02-07 00:00:00,22.688
2021-02-07 01:00:00,22.893
2021-02-07 02:00:00,23.086
2021-02-07 03:00:00,23.2
2021-02-07 04:00:00,23.26
2021-02-07 05:00:00,23.401
2021-02-07 06:00:00,23.535
2021-02-07 07:00:00,23.664
2021-02-07 08:00:00,23.602
2021-02-07 09:00:00,23.603
2021-02-07 10:00:00,23.419
2021-02-07 11:00:00,23.453
2021-02-07 12:00:00,23.556
2021-02-07 13:00:00,23.292
2021-02-07 14:00:00,22.512
2021-02-07 15:00:00,22.345
2021-02-07 16:00:00,22.631
2021-02-07 17:00:00,22.681
2021-02-07 18:00:00,22.636
2021-02-07 19:00:00,22.897
2021-02-07 20:00:00,22.977
2021-02-07 21:00:00,22.956
2021-02-07 22:00:00,22.821
2021-02-07 23:00:00,22.676
2021-02-08 00:00:00,22.809
2021-02-08 01:00:00,22.9
2021-02-08 02:00:00,22.984
2021-02-08 03:00:00,23.1
2021-02-08 04:00:00,23.123
2021-02-08 05:00:00,23.282
2021-02-08 06:00:00,23.181
2021-02-08 07:00:00,23.159
2021-02-08 08:00:00,23.913
2021-02-08 09:00:00,23.749
2021-02-08 10:00:00,21.656
2021-02-08 11:00:00,21.562
2021-02-08 12:00:00,21.168
2021-02-08 13:00:00,21.123
2021-02-08 14:00:00,21.249
2021-02-08 15:00:00,21.314
2021-02-08 16:00:00,21.407
2021-02-08 17:00:00,21.311
2021-02-08 18:00:00,21.798
2021-02-08 19:00:00,22.334
2021-02-08 20:00:00,22.678
2021-02-08 21:00:00,22.879
2021-02-08 22:00:00,22.826
2021-02-08 23:00:00,22.993
2021-02-09 00:00:00,23.097
2021-02-09 01:00:00,23.223
2021-02-09 02:00:00,23.301
2021-02-09 03:00:00,23.41
2021-02-09 04:00:00,23.588
2021-02-09 05:00:00,23.64
2021-02-09 06:00:00,23.797
2021-02-09 07:00:00,23.701
2021-02-09 08:00:00,24.207
2021-02-09 09:00:00,24.052
2021-02-09 10:00:00,21.803
2021-02-09 11:00:00,21.612
2021-02-09 12:00:00,21.429
2021-02-09 13:00:00,21.677
2021-02-09 14:00:00,21.935
2021-02-09 15:00:00,21.693
2021-02-09 16:00:00,21.625
2021-02-09 17:00:00,21.743
2021-02-09 18:00:00,21.772
2021-02-09 19:00:00,20.975
2021-02-09 20:00:00,21.752
2021-02-09 21:00:00,21.928
2021-02-09 22:00:00,22.168
2021-02-09 23:00:00,22.408
2021-02-10 00:00:00,22.436
2021-02-10 01:00:00,22.652
2021-02-10 02:00:00,22.718
2021-02-10 03:00:00,22.926
2021-02-10 04:00:00,23.091
2021-02-10 05:00:00,23.082
2021-02-10 06:00:00,23.201
2021-02-10 07:00:00,23.137
2021-02-10 08:00:00,23.367
2021-02-10 09:00:00,22.852
2021-02-10 10:00:00,22.313
2021-02-10 11:00:00,20.824
2021-02-10 12:00:00,20.704
2021-02-10 13:00:00,21.561
2021-02-10 14:00:00,21.677
2021-02-10 15:00:00,21.553
2021-02-10 16:00:00,21.417
2021-02-10 17:00:00,21.314
2021-02-10 18:00:00,21.277
2021-02-10 19:00:00,21.15
2021-02-10 20:00:00,21.037
2021-02-10 21:00:00,21.0
2021-02-10 22:00:00,20.999
2021-02-10 23:00:00,20.996
2021-02-11 00:00:00,20.981
2021-02-11 01:00:00,20.902
2021-02-11 02:00:00,20.872
2021-02-11 03:00:00,20.8
2021-02-11 04:00:00,20.766
2021-02-11 05:00:00,20.682
2021-02-11 06:00:00,20.618
2021-02-11 07:00:00,20.551
2021-02-11 08:00:00,20.561
2021-02-11 09:00:00,20.743
2021-02-11 10:00:00,20.799
2021-02-11 11:00:00,20.8
2021-02-11 12:00:00,20.734
2021-02-11 13:00:00,20.645
2021-02-11 14:00:00,20.401
2021-02-11 15:00:00,20.281
2021-02-11 16:00:00,20.198
2021-02-11 17:00:00,20.147
2021-02-11 18:00:00,20.001
2021-02-11 19:00:00,19.894
2021-02-11 20:00:00,19.801
2021-02-11 21:00:00,19.702
2021-02-11 22:00:00,19.664
2021-02-11 23:00:00,19.64
2021-02-12 00:00:00,19.782
2021-02-12 01:00:00,19.755
2021-02-12 02:00:00,19.702
2021-02-12 03:00:00,19.7
2021-02-12 04:00:00,19.574
2021-02-12 05:00:00,19.445
2021-02-12 06:00:00,19.366
2021-02-12 07:00:00,19.299
2021-02-12 08:00:00,19.521
2021-02-12 09:00:00,19.996
2021-02-12 10:00:00,19.815
2021-02-12 11:00:00,19.802
2021-02-12 12:00:00,19.801
2021-02-12 13:00:00,19.8
2021-02-12 14:00:00,19.804
2021-02-12 15:00:00,19.893
2021-02-12 16:00:00,19.908
2021-02-12 17:00:00,19.93
2021-02-12 18:00:00,19.901
2021-02-12 19:00:00,19.906
2021-02-12 20:00:00,19.901
2021-02-12 21:00:00,19.898
2021-02-12 22:00:00,19.835
2021-02-12 23:00:00,19.8
2021-02-13 00:00:00,19.8
2021-02-13 01:00:00,19.776
2021-02-13 02:00:00,19.719
2021-02-13 03:00:00,19.641
2021-02-13 04:00:00,19.6
2021-02-13 05:00:00,19.6
2021-02-13 06:00:00,19.519
2021-02-13 07:00:00,19.478
2021-02-13 08:00:00,19.804
2021-02-13 09:00:00,20.286
2021-02-13 10:00:00,20.012
2021-02-13 11:00:00,20.002
2021-02-13 12:00:00,20.0
2021-02-13 13:00:00,20.0
2021-02-13 14:00:00,19.975
2021-02-13 15:00:00,19.987
2021-02-13 16:00:00,19.996
2021-02-13 17:00:00,20.014
2021-02-13 18:00:00,20.532
2021-02-13 19:00:00,20.937
2021-02-13 20:00:00,21.222
2021-02-13 21:00:00,21.462
2021-02-13 22:00:00,21.574
2021-02-13 23:00:00,21.732
2021-02-14 00:00:00,21.89
2021-02-14 01:00:00,22.06
2021-02-14 02:00:00,22.272
2021-02-14 03:00:00,22.348
2021-02-14 04:00:00,22.569
2021-02-14 05:00:00,22.629
2021-02-14 06:00:00,22.775
2021-02-14 07:00:00,22.857
2021-02-14 08:00:00,23.018
2021-02-14 09:00:00,23.135
2021-02-14 10:00:00,23.073
2021-02-14 11:00:00,23.102
2021-02-14 12:00:00,22.592
2021-02-14 13:00:00,22.789
2021-02-14 14:00:00,22.802
2021-02-14 15:00:00,22.962
2021-02-14 16:00:00,22.789
2021-02-14 17:00:00,22.771
2021-02-14 18:00:00,22.732
2021-02-14 19:00:00,22.79
2021-02-14 20:00:00,22.998
2021-02-14 21:00:00,23.221
2021-02-14 22:00:00,23.268
2021-02-14 23:00:00,23.289
2021-02-15 00:00:00,23.244
2021-02-15 01:00:00,23.458
2021-02-15 02:00:00,23.579
2021-02-15 03:00:00,23.77
2021-02-15 04:00:00,23.89
2021-02-15 05:00:00,23.934
2021-02-15 06:00:00,23.997
2021-02-15 07:00:00,24.078
2021-02-15 08:00:00,24.018
2021-02-15 09:00:00,23.249
2021-02-15 10:00:00,21.836
2021-02-15 11:00:00,22.491
2021-02-15 12:00:00,23.163
2021-02-15 13:00:00,23.034
2021-02-15 14:00:00,22.788
2021-02-15 15:00:00,22.599
2021-02-15 16:00:00,22.599
2021-02-15 17:00:00,22.71
2021-02-15 18:00:00,22.718
2021-02-15 19:00:00,22.894
2021-02-15 20:00:00,22.901
2021-02-15 21:00:00,22.804
2021-02-15 22:00:00,22.911
2021-02-15 23:00:00,22.9
2021-02-16 00:00:00,22.97
2021-02-16 01:00:00,23.006
2021-02-16 02:00:00,23.007
2021-02-16 03:00:00,22.755
2021-02-16 04:00:00,22.924
2021-02-16 05:00:00,23.119
2021-02-16 06:00:00,23.241
2021-02-16 07:00:00,23.395
2021-02-16 08:00:00,23.418
2021-02-16 09:00:00,22.881
2021-02-16 10:00:00,22.726
2021-02-16 11:00:00,22.505
2021-02-16 12:00:00,22.337
2021-02-16 13:00:00,22.078
2021-02-16 14:00:00,21.927
2021-02-16 15:00:00,21.784
2021-02-16 16:00:00,21.556
2021-02-16 17:00:00,21.598
2021-02-16 18:00:00,22.041
2021-02-16 19:00:00,22.266
2021-02-16 20:00:00,22.417
2021-02-16 21:00:00,22.365
2021-02-16 22:00:00,22.209
2021-02-16 23:00:00,22.214
2021-02-17 00:00:00,22.2
2021-02-17 01:00:00,22.278
2021-02-17 02:00:00,22.284
2021-02-17 03:00:00,22.307
2021-02-17 04:00:00,22.304
2021-02-17 05:00:00,22.206
2021-02-17 06:00:00,22.274
2021-02-17 07:00:00,22.312
2021-02-17 08:00:00,22.75
2021-02-17 09:00:00,22.274
2021-02-17 10:00:00,21.071
2021-02-17 11:00:00,20.987
2021-02-17 12:00:00,20.786
2021-02-17 13:00:00,20.628
2021-02-17 14:00:00,20.472
2021-02-17 15:00:00,20.366
2021-02-17 16:00:00,20.515
2021-02-17 17:00:00,20.535
2021-02-17 18:00:00,20.567
2021-02-17 19:00:00,20.836
2021-02-17 20:00:00,21.004
2021-02-17 21:00:00,21.098
2021-02-17 22:00:00,21.046
2021-02-17 23:00:00,20.986
2021-02-18 00:00:00,21.095
2021-02-18 01:00:00,20.668
2021-02-18 02:00:00,20.6
2021-02-18 03:00:00,20.537
2021-02-18 04:00:00,20.561
2021-02-18 05:00:00,20.828
2021-02-18 06:00:00,21.081
2021-02-18 07:00:00,21.667
2021-02-18 08:00:00,22.061
2021-02-18 09:00:00,21.763
2021-02-18 10:00:00,21.678
2021-02-18 11:00:00,21.532
2021-02-18 12:00:00,21.227
2021-02-18 13:00:00,20.908
2021-02-18 14:00:00,20.72
2021-02-18 15:00:00,20.607
2021-02-18 16:00:00,20.452
2021-02-18 17:00:00,20.477
2021-02-18 18:00:00,21.032
2021-02-18 19:00:00,21.466
2021-02-18 20:00:00,21.541
2021-02-18 21:00:00,21.6
2021-02-18 22:00:00,21.528
2021-02-18 23:00:00,21.577
2021-02-19 00:00:00,21.608
2021-02-19 01:00:00,21.686
2021-02-19 02:00:00,21.882
2021-02-19 03:00:00,21.957
2021-02-19 04:00:00,22.164
2021-02-19 05:00:00,22.209
2021-02-19 06:00:00,22.398
2021-02-19 07:00:00,22.551
2021-02-19 08:00:00,23.063
2021-02-19 09:00:00,22.564
2021-02-19 10:00:00,21.737
2021-02-19 11:00:00,22.072
2021-02-19 12:00:00,21.9
2021-02-19 13:00:00,21.674
2021-02-19 14:00:00,21.496
2021-02-19 15:00:00,21.34
2021-02-19 16:00:00,21.215
2021-02-19 17:00:00,21.156
2021-02-19 18:00:00,21.295
2021-02-19 19:00:00,21.414
2021-02-19 20:00:00,21.727
2021-02-19 21:00:00,21.734
2021-02-19 22:00:00,21.76
2021-02-19 23:00:00,21.8
2021-02-20 00:00:00,21.822
2021-02-20 01:00:00,21.986
2021-02-20 02:00:00,22.017
2021-02-20 03:00:00,22.296
2021-02-20 04:00:00,22.441
2021-02-20 05:00:00,22.607
2021-02-20 06:00:00,22.846
2021-02-20 07:00:00,22.972
2021-02-20 08:00:00,23.063
2021-02-20 09:00:00,22.162
2021-02-20 10:00:00,22.776
2021-02-20 11:00:00,22.855
2021-02-20 12:00:00,22.913
2021-02-20 13:00:00,22.972
2021-02-20 14:00:00,22.848
2021-02-20 15:00:00,22.571
2021-02-20 16:00:00,22.712
2021-02-20 17:00:00,22.853
2021-02-20 18:00:00,23.03
2021-02-20 19:00:00,23.234
2021-02-20 20:00:00,23.234
2021-02-20 21:00:00,23.247
2021-02-20 22:00:00,23.129
2021-02-20 23:00:00,23.051
2021-02-21 00:00:00,22.971
2021-02-21 01:00:00,22.907
2021-02-21 02:00:00,22.805
2021-02-21 03:00:00,22.7
2021-02-21 04:00:00,22.756
2021-02-21 05:00:00,22.725
2021-02-21 06:00:00,22.769
2021-02-21 07:00:00,22.812
2021-02-21 08:00:00,22.964
2021-02-21 09:00:00,23.206
2021-02-21 10:00:00,23.06
2021-02-21 11:00:00,22.914
2021-02-21 12:00:00,22.756
2021-02-21 13:00:00,22.366
2021-02-21 14:00:00,21.932
2021-02-21 15:00:00,22.109
2021-02-21 16:00:00,22.313
2021-02-21 17:00:00,22.417
2021-02-21 18:00:00,22.599
2021-02-21 19:00:00,22.727
2021-02-21 20:00:00,22.195
2021-02-21 21:00:00,22.173
2021-02-21 22:00:00,22.1
2021-02-21 23:00:00,22.043
2021-02-22 00:00:00,21.986
2021-02-22 01:00:00,22.089
2021-02-22 02:00:00,22.154
2021-02-22 03:00:00,22.1
2021-02-22 04:00:00,22.101
2021-02-22 05:00:00,22.143
2021-02-22 06:00:00,22.106
2021-02-22 07:00:00,22.159
2021-02-22 08:00:00,22.015
2021-02-22 09:00:00,21.822
2021-02-22 10:00:00,21.394
2021-02-22 11:00:00,21.259
2021-02-22 12:00:00,21.218
2021-02-22 13:00:00,20.897
2021-02-22 14:00:00,20.465
2021-02-22 15:00:00,20.609
2021-02-22 16:00:00,20.779
2021-02-22 17:00:00,21.212
2021-02-22 18:00:00,21.483
2021-02-22 19:00:00,21.621
2021-02-22 20:00:00,21.729
2021-02-22 21:00:00,21.867
2021-02-22 22:00:00,21.768
2021-02-22 23:00:00,21.812
2021-02-23 00:00:00,21.942
2021-02-23 01:00:00,22.083
2021-02-23 02:00:00,22.369
2021-02-23 03:00:00,22.4
2021-02-23 04:00:00,22.614
2021-02-23 05:00:00,22.7
2021-02-23 06:00:00,22.828
2021-02-23 07:00:00,22.934
2021-02-23 08:00:00,23.281
2021-02-23 09:00:00,22.674
2021-02-23 10:00:00,22.6
2021-02-23 11:00:00,22.533
2021-02-23 12:00:00,22.348
2021-02-23 13:00:00,22.104
2021-02-23 14:00:00,21.875
2021-02-23 15:00:00,21.737
2021-02-23 16:00:00,21.569
2021-02-23 17:00:00,21.512
2021-02-23 18:00:00,21.803
2021-02-23 19:00:00,22.196
2021-02-23 20:00:00,22.383
2021-02-23 21:00:00,22.558
2021-02-23 22:00:00,22.664
2021-02-23 23:00:00,22.686
2021-02-24 00:00:00,22.794
2021-02-24 01:00:00,22.8
2021-02-24 02:00:00,22.931
2021-02-24 03:00:00,23.108
2021-02-24 04:00:00,23.222
2021-02-24 05:00:00,23.459
2021-02-24 06:00:00,23.542
2021-02-24 07:00:00,23.725
2021-02-24 08:00:00,23.916
2021-02-24 09:00:00,23.889
2021-02-24 10:00:00,22.723
2021-02-24 11:00:00,22.533
2021-02-24 12:00:00,22.291
2021-02-24 13:00:00,22.196
2021-02-24 14:00:00,22.155
2021-02-24 15:00:00,22.166
2021-02-24 16:00:00,22.481
2021-02-24 17:00:00,22.6
2021-02-24 18:00:00,21.613826086956518
2021-02-24 19:00:00,21.78217391304348
2021-02-24 20:00:00,21.863956521739127
2021-02-24 21:00:00,21.955173913043478
2021-02-24 22:00:00,21.958695652173912
2021-02-24 23:00:00,22.01091304347826
2021-02-25 00:00:00,22.109583333333333
2021-02-25 01:00:00,22.171666666666663
2021-02-25 02:00:00,22.252291666666668
2021-02-25 03:00:00,22.310916666666667
2021-02-25 04:00:00,22.41745833333333
2021-02-25 05:00:00,22.464708333333338
2021-02-25 06:00:00,22.563958333333336
2021-02-25 07:00:00,22.6405
2021-02-25 08:00:00,22.903458333333333
2021-02-25 09:00:00,22.705083333333334
2021-02-25 10:00:00,21.974333333333337
2021-02-25 11:00:00,21.87754166666667
2021-02-25 12:00:00,21.724333333333337
2021-02-25 13:00:00,21.596249999999994
2021-02-25 14:00:00,21.47191666666667
2021-02-25 15:00:00,21.42625
2021-02-25 16:00:00,21.438791666666663
2021-02-25 17:00:00,21.48045833333333
2021-02-25 18:00:00,21.613826086956518
2021-02-25 19:00:00,21.78217391304348
2021-02-25 20:00:00,21.863956521739127
2021-02-25 21:00:00,21.955173913043478
2021-02-25 22:00:00,21.958695652173912
2021-02-25 23:00:00,22.01091304347826
2021-02-26 00:00:00,22.109583333333333
2021-02-26 01:00:00,22.171666666666663
2021-02-26 02:00:00,22.252291666666668
2021-02-26 03:00:00,22.310916666666667
2021-02-26 04:00:00,22.41745833333333
2021-02-26 05:00:00,22.464708333333338
2021-02-26 06:00:00,22.563958333333336
2021-02-26 07:00:00,22.6405
2021-02-26 08:00:00,22.903458333333333
2021-02-26 09:00:00,22.705083333333334
2021-02-26 10:00:00,21.974333333333337
2021-02-26 11:00:00,21.87754166666667
2021-02-26 12:00:00,21.724333333333337
2021-02-26 13:00:00,21.596249999999994
2021-02-26 14:00:00,21.47191666666667
2021-02-26 15:00:00,21.42625
2021-02-26 16:00:00,21.438791666666663
2021-02-26 17:00:00,21.48045833333333
2021-02-26 18:00:00,21.613826086956518
2021-02-26 19:00:00,21.78217391304348
2021-02-26 20:00:00,21.863956521739127
2021-02-26 21:00:00,21.955173913043478
2021-02-26 22:00:00,21.958695652173912
2021-02-26 23:00:00,22.01091304347826
2021-02-27 00:00:00,22.109583333333333
2021-02-27 01:00:00,22.171666666666663
2021-02-27 02:00:00,22.252291666666668
2021-02-27 03:00:00,22.310916666666667
2021-02-27 04:00:00,22.41745833333333
2021-02-27 05:00:00,22.464708333333338
2021-02-27 06:00:00,22.563958333333336
2021-02-27 07:00:00,22.6405
2021-02-27 08:00:00,22.903458333333333
2021-02-27 09:00:00,22.705083333333334
2021-02-27 10:00:00,21.974333333333337
2021-02-27 11:00:00,21.87754166666667
2021-02-27 12:00:00,21.724333333333337
2021-02-27 13:00:00,21.596249999999994
2021-02-27 14:00:00,21.47191666666667
2021-02-27 15:00:00,21.42625
2021-02-27 16:00:00,21.438791666666663
2021-02-27 17:00:00,21.48045833333333
2021-02-27 18:00:00,21.613826086956518
2021-02-27 19:00:00,21.78217391304348
2021-02-27 20:00:00,21.863956521739127
2021-02-27 21:00:00,21.955173913043478
2021-02-27 22:00:00,21.958695652173912
2021-02-27 23:00:00,22.01091304347826
2021-02-28 00:00:00,22.109583333333333
2021-02-28 01:00:00,22.171666666666663
2021-02-28 02:00:00,22.252291666666668
2021-02-28 03:00:00,22.310916666666667
2021-02-28 04:00:00,22.41745833333333
2021-02-28 05:00:00,22.464708333333338
2021-02-28 06:00:00,22.563958333333336
2021-02-28 07:00:00,22.6405
2021-02-28 08:00:00,22.903458333333333
2021-02-28 09:00:00,22.705083333333334
2021-02-28 10:00:00,21.974333333333337
2021-02-28 11:00:00,21.87754166666667
2021-02-28 12:00:00,21.724333333333337
2021-02-28 13:00:00,21.596249999999994
2021-02-28 14:00:00,21.47191666666667
2021-02-28 15:00:00,21.42625
2021-02-28 16:00:00,21.438791666666663
2021-02-28 17:00:00,21.48045833333333
2021-02-28 18:00:00,21.613826086956518
2021-02-28 19:00:00,21.78217391304348
2021-02-28 20:00:00,21.863956521739127
2021-02-28 21:00:00,21.955173913043478
2021-02-28 22:00:00,21.958695652173912
2021-02-28 23:00:00,22.01091304347826
2021-03-01 00:00:00,22.314172413793102
2021-03-01 01:00:00,22.386310344827585
2021-03-01 02:00:00,22.41020689655173
2021-03-01 03:00:00,22.458758620689654
2021-03-01 04:00:00,22.48665517241379
2021-03-01 05:00:00,22.526793103448277
2021-03-01 06:00:00,22.570620689655172
2021-03-01 07:00:00,22.629241379310344
2021-03-01 08:00:00,22.875689655172412
2021-03-01 09:00:00,22.79089655172414
2021-03-01 10:00:00,22.484551724137926
2021-03-01 11:00:00,22.165821428571423
2021-03-01 12:00:00,22.029714285714284
2021-03-01 13:00:00,21.947071428571427
2021-03-01 14:00:00,21.849678571428566
2021-03-01 15:00:00,21.782379310344826
2021-03-01 16:00:00,21.80334482758621
2021-03-01 17:00:00,21.93686666666667
2021-03-01 18:00:00,21.962233333333337
2021-03-01 19:00:00,22.114566666666665
2021-03-01 20:00:00,22.316466666666667
2021-03-01 21:00:00,22.4074
2021-03-01 22:00:00,22.388566666666676
2021-03-01 23:00:00,22.338333333333342
2021-03-02 00:00:00,22.314172413793102
2021-03-02 01:00:00,22.386310344827585
2021-03-02 02:00:00,22.41020689655173
2021-03-02 03:00:00,22.458758620689654
2021-03-02 04:00:00,22.48665517241379
2021-03-02 05:00:00,22.526793103448277
2021-03-02 06:00:00,22.570620689655172
2021-03-02 07:00:00,22.629241379310344
2021-03-02 08:00:00,22.875689655172412
2021-03-02 09:00:00,22.79089655172414
2021-03-02 10:00:00,22.484551724137926
2021-03-02 11:00:00,22.165821428571423
2021-03-02 12:00:00,22.029714285714284
2021-03-02 13:00:00,21.947071428571427
2021-03-02 14:00:00,21.849678571428566
2021-03-02 15:00:00,19.481
2021-03-02 16:00:00,19.452
2021-03-02 17:00:00,19.746
2021-03-02 18:00:00,19.104
2021-03-02 19:00:00,20.099
2021-03-02 20:00:00,20.646
2021-03-02 21:00:00,20.942
2021-03-02 22:00:00,20.909
2021-03-02 23:00:00,21.081
2021-03-03 00:00:00,21.199
2021-03-03 01:00:00,21.346
2021-03-03 02:00:00,21.524
2021-03-03 03:00:00,21.619
2021-03-03 04:00:00,21.795
2021-03-03 05:00:00,21.832
2021-03-03 06:00:00,21.946
2021-03-03 07:00:00,21.999
2021-03-03 08:00:00,22.343
2021-03-03 09:00:00,22.164
2021-03-03 10:00:00,21.477
2021-03-03 11:00:00,21.029
2021-03-03 12:00:00,20.593
2021-03-03 13:00:00,20.184
2021-03-03 14:00:00,20.18
2021-03-03 15:00:00,20.787
2021-03-03 16:00:00,20.968
2021-03-03 17:00:00,21.028
2021-03-03 18:00:00,21.145
2021-03-03 19:00:00,21.472
2021-03-03 20:00:00,21.705
2021-03-03 21:00:00,21.8
2021-03-03 22:00:00,21.946
2021-03-03 23:00:00,21.954
2021-03-04 00:00:00,22.054
2021-03-04 01:00:00,22.197
2021-03-04 02:00:00,22.234
2021-03-04 03:00:00,22.45
2021-03-04 04:00:00,22.521
2021-03-04 05:00:00,22.744
2021-03-04 06:00:00,22.853
2021-03-04 07:00:00,22.985
2021-03-04 08:00:00,23.161
2021-03-04 09:00:00,22.175
2021-03-04 10:00:00,21.469
2021-03-04 11:00:00,21.387
2021-03-04 12:00:00,21.331
2021-03-04 13:00:00,21.241
2021-03-04 14:00:00,21.103
2021-03-04 15:00:00,20.994
2021-03-04 16:00:00,20.848
2021-03-04 17:00:00,20.819
2021-03-04 18:00:00,21.194
2021-03-04 19:00:00,21.708
2021-03-04 20:00:00,21.99
2021-03-04 21:00:00,22.08
2021-03-04 22:00:00,22.188
2021-03-04 23:00:00,22.2
2021-03-05 00:00:00,22.333
2021-03-05 01:00:00,22.443
2021-03-05 02:00:00,22.525
2021-03-05 03:00:00,22.546
2021-03-05 04:00:00,22.546
2021-03-05 05:00:00,22.678
2021-03-05 06:00:00,22.758
2021-03-05 07:00:00,22.727
2021-03-05 08:00:00,23.119
2021-03-05 09:00:00,23.191
2021-03-05 10:00:00,22.433
2021-03-05 11:00:00,22.335
2021-03-05 12:00:00,22.102
2021-03-05 13:00:00,21.875
2021-03-05 14:00:00,21.786
2021-03-05 15:00:00,22.075
2021-03-05 16:00:00,22.2
2021-03-05 17:00:00,22.262
2021-03-05 18:00:00,22.538
2021-03-05 19:00:00,22.62
2021-03-05 20:00:00,22.757
2021-03-05 21:00:00,22.804
2021-03-05 22:00:00,22.847
2021-03-05 23:00:00,22.81
2021-03-06 00:00:00,22.771
2021-03-06 01:00:00,22.859
2021-03-06 02:00:00,23.057
2021-03-06 03:00:00,23.279
2021-03-06 04:00:00,23.338
2021-03-06 05:00:00,23.478
2021-03-06 06:00:00,23.598
2021-03-06 07:00:00,23.678
2021-03-06 08:00:00,23.844
2021-03-06 09:00:00,23.481
2021-03-06 10:00:00,23.161
2021-03-06 11:00:00,22.749
2021-03-06 12:00:00,22.355
2021-03-06 13:00:00,22.235
2021-03-06 14:00:00,22.573
2021-03-06 15:00:00,22.821
2021-03-06 16:00:00,22.784
2021-03-06 17:00:00,22.729
2021-03-06 18:00:00,22.926
2021-03-06 19:00:00,23.097
2021-03-06 20:00:00,23.292
2021-03-06 21:00:00,23.322
2021-03-06 22:00:00,23.199
2021-03-06 23:00:00,23.247
2021-03-07 00:00:00,23.23
2021-03-07 01:00:00,23.359
2021-03-07 02:00:00,23.363
2021-03-07 03:00:00,23.379
2021-03-07 04:00:00,23.496
2021-03-07 05:00:00,23.504
2021-03-07 06:00:00,23.6
2021-03-07 07:00:00,23.6
2021-03-07 08:00:00,23.944
2021-03-07 09:00:00,24.024
2021-03-07 10:00:00,23.812
2021-03-07 11:00:00,23.677
2021-03-07 12:00:00,23.118
2021-03-07 13:00:00,23.316
2021-03-07 14:00:00,22.196
2021-03-07 15:00:00,22.51
2021-03-07 16:00:00,22.869
2021-03-07 17:00:00,23.077
2021-03-07 18:00:00,23.253
2021-03-07 19:00:00,23.376
2021-03-07 20:00:00,23.299
2021-03-07 21:00:00,23.147
2021-03-07 22:00:00,22.997
2021-03-07 23:00:00,22.851
2021-03-08 00:00:00,22.732
2021-03-08 01:00:00,22.59
2021-03-08 02:00:00,22.487
2021-03-08 03:00:00,22.385
2021-03-08 04:00:00,22.299
2021-03-08 05:00:00,22.207
2021-03-08 06:00:00,22.211
2021-03-08 07:00:00,22.129
2021-03-08 08:00:00,22.559
2021-03-08 09:00:00,21.329
2021-03-08 10:00:00,20.96
2021-03-08 11:00:00,20.921
2021-03-08 12:00:00,20.711
2021-03-08 13:00:00,20.421
2021-03-08 14:00:00,20.239
2021-03-08 15:00:00,20.059
2021-03-08 16:00:00,19.93
2021-03-08 17:00:00,20.349
2021-03-08 18:00:00,20.645
2021-03-08 19:00:00,21.001
2021-03-08 20:00:00,21.103
2021-03-08 21:00:00,21.101
2021-03-08 22:00:00,21.027
2021-03-08 23:00:00,20.995
2021-03-09 00:00:00,20.907
2021-03-09 01:00:00,20.901
2021-03-09 02:00:00,20.9
2021-03-09 03:00:00,20.827
2021-03-09 04:00:00,20.731
2021-03-09 05:00:00,20.7
2021-03-09 06:00:00,20.7
2021-03-09 07:00:00,20.725
2021-03-09 08:00:00,20.995
2021-03-09 09:00:00,20.884
2021-03-09 10:00:00,20.215
2021-03-09 11:00:00,19.793
2021-03-09 12:00:00,19.469
2021-03-09 13:00:00,19.465
2021-03-09 14:00:00,19.559
2021-03-09 15:00:00,19.439
2021-03-09 16:00:00,19.543
2021-03-09 17:00:00,19.799
2021-03-09 18:00:00,20.191
2021-03-09 19:00:00,20.68
2021-03-09 20:00:00,20.908
2021-03-09 21:00:00,21.144
2021-03-09 22:00:00,21.286
2021-03-09 23:00:00,21.405
2021-03-10 00:00:00,21.424
2021-03-10 01:00:00,21.503
2021-03-10 02:00:00,21.685
2021-03-10 03:00:00,21.816
2021-03-10 04:00:00,21.977
2021-03-10 05:00:00,22.299
2021-03-10 06:00:00,22.202
2021-03-10 07:00:00,22.079
2021-03-10 08:00:00,22.353
2021-03-10 09:00:00,22.077
2021-03-10 10:00:00,21.82
2021-03-10 11:00:00,21.709
2021-03-10 12:00:00,21.502
2021-03-10 13:00:00,21.272
2021-03-10 14:00:00,21.1
2021-03-10 15:00:00,20.999
2021-03-10 16:00:00,21.134
2021-03-10 17:00:00,20.838
2021-03-10 18:00:00,21.041
2021-03-10 19:00:00,21.228
2021-03-10 20:00:00,21.388
2021-03-10 21:00:00,21.55
2021-03-10 22:00:00,21.425
2021-03-10 23:00:00,21.328
2021-03-11 00:00:00,21.247
2021-03-11 01:00:00,21.372
2021-03-11 02:00:00,21.386
2021-03-11 03:00:00,21.506
2021-03-11 04:00:00,21.634
2021-03-11 05:00:00,21.682
2021-03-11 06:00:00,22.09
2021-03-11 07:00:00,22.303
2021-03-11 08:00:00,22.472
2021-03-11 09:00:00,22.476
2021-03-11 10:00:00,22.397
2021-03-11 11:00:00,22.299
2021-03-11 12:00:00,22.186
2021-03-11 13:00:00,22.239
2021-03-11 14:00:00,22.148
2021-03-11 15:00:00,22.0
2021-03-11 16:00:00,21.971
2021-03-11 17:00:00,21.898
2021-03-11 18:00:00,21.819
2021-03-11 19:00:00,21.969
2021-03-11 20:00:00,22.221
2021-03-11 21:00:00,22.325
2021-03-11 22:00:00,22.126
2021-03-11 23:00:00,22.011
2021-03-12 00:00:00,21.953
2021-03-12 01:00:00,21.879
2021-03-12 02:00:00,21.785
2021-03-12 03:00:00,21.741
2021-03-12 04:00:00,21.609
2021-03-12 05:00:00,21.458
2021-03-12 06:00:00,21.514
2021-03-12 07:00:00,21.808
2021-03-12 08:00:00,21.979
2021-03-12 09:00:00,21.707
2021-03-12 10:00:00,21.106
2021-03-12 11:00:00,20.833
2021-03-12 12:00:00,20.75
2021-03-12 13:00:00,20.492
2021-03-12 14:00:00,20.047
2021-03-12 15:00:00,20.204
2021-03-12 16:00:00,20.703
2021-03-12 17:00:00,20.934
2021-03-12 18:00:00,21.44
2021-03-12 19:00:00,21.857
2021-03-12 20:00:00,22.161
2021-03-12 21:00:00,22.419
2021-03-12 22:00:00,22.57
2021-03-12 23:00:00,22.768
2021-03-13 00:00:00,22.966
2021-03-13 01:00:00,23.09
2021-03-13 02:00:00,23.239
2021-03-13 03:00:00,23.349
2021-03-13 04:00:00,23.636
2021-03-13 05:00:00,23.675
2021-03-13 06:00:00,23.782
2021-03-13 07:00:00,23.769
2021-03-13 08:00:00,23.953
2021-03-13 09:00:00,23.934
2021-03-13 10:00:00,23.647
2021-03-13 11:00:00,22.901
2021-03-13 12:00:00,23.017
2021-03-13 13:00:00,23.041
2021-03-13 14:00:00,23.077
2021-03-13 15:00:00,23.067
2021-03-13 16:00:00,23.099
2021-03-13 17:00:00,23.088
2021-03-13 18:00:00,22.894
2021-03-13 19:00:00,23.138
2021-03-13 20:00:00,23.313
2021-03-13 21:00:00,23.421
2021-03-13 22:00:00,23.409
2021-03-13 23:00:00,23.622
2021-03-14 00:00:00,23.648
2021-03-14 01:00:00,23.281
2021-03-14 02:00:00,23.171
2021-03-14 03:00:00,23.076
2021-03-14 04:00:00,22.963
2021-03-14 05:00:00,22.902
2021-03-14 06:00:00,22.806
2021-03-14 07:00:00,22.705
2021-03-14 08:00:00,22.857
2021-03-14 09:00:00,23.28
2021-03-14 10:00:00,23.15
2021-03-14 11:00:00,22.848
2021-03-14 12:00:00,22.753
2021-03-14 13:00:00,22.819
2021-03-14 14:00:00,22.774
2021-03-14 15:00:00,22.61
2021-03-14 16:00:00,22.657
2021-03-14 17:00:00,22.823
2021-03-14 18:00:00,22.776
2021-03-14 19:00:00,22.593
2021-03-14 20:00:00,22.818
2021-03-14 21:00:00,23.111
2021-03-14 22:00:00,23.112
2021-03-14 23:00:00,23.31
2021-03-15 00:00:00,23.4
2021-03-15 01:00:00,23.553
2021-03-15 02:00:00,23.665
2021-03-15 03:00:00,23.767
2021-03-15 04:00:00,23.973
2021-03-15 05:00:00,24.021
2021-03-15 06:00:00,24.114
2021-03-15 07:00:00,23.992
2021-03-15 08:00:00,23.754
2021-03-15 09:00:00,23.8
2021-03-15 10:00:00,23.275
2021-03-15 11:00:00,23.139
2021-03-15 12:00:00,23.152
2021-03-15 13:00:00,23.271
2021-03-15 14:00:00,23.082
2021-03-15 15:00:00,22.789
2021-03-15 16:00:00,22.853
2021-03-15 17:00:00,22.859
2021-03-15 18:00:00,22.55
2021-03-15 19:00:00,21.934
2021-03-15 20:00:00,22.668
2021-03-15 21:00:00,23.079
2021-03-15 22:00:00,23.093
2021-03-15 23:00:00,23.024
2021-03-16 00:00:00,22.846
2021-03-16 01:00:00,22.847
2021-03-16 02:00:00,22.9
2021-03-16 03:00:00,22.905
2021-03-16 04:00:00,22.864
2021-03-16 05:00:00,22.735
2021-03-16 06:00:00,22.575
2021-03-16 07:00:00,22.686
2021-03-16 08:00:00,23.009
2021-03-16 09:00:00,23.068
2021-03-16 10:00:00,22.423
2021-03-16 11:00:00,21.786
2021-03-16 12:00:00,22.054
2021-03-16 13:00:00,22.1
2021-03-16 14:00:00,22.018
2021-03-16 15:00:00,21.907
2021-03-16 16:00:00,21.664
2021-03-16 17:00:00,21.765
2021-03-16 18:00:00,22.057
2021-03-16 19:00:00,22.321
2021-03-16 20:00:00,22.574
2021-03-16 21:00:00,22.701
2021-03-16 22:00:00,22.846
2021-03-16 23:00:00,22.87
2021-03-17 00:00:00,22.891
2021-03-17 01:00:00,22.963
2021-03-17 02:00:00,22.926
2021-03-17 03:00:00,23.0
2021-03-17 04:00:00,23.003
2021-03-17 05:00:00,23.101
2021-03-17 06:00:00,23.086
2021-03-17 07:00:00,23.395
2021-03-17 08:00:00,24.028
2021-03-17 09:00:00,24.35
2021-03-17 10:00:00,24.265
2021-03-17 11:00:00,23.901
2021-03-17 12:00:00,23.647
2021-03-17 13:00:00,23.54
2021-03-17 14:00:00,23.366
2021-03-17 15:00:00,23.318
2021-03-17 16:00:00,23.138
2021-03-17 17:00:00,23.224
2021-03-17 18:00:00,23.291
2021-03-17 19:00:00,23.45
2021-03-17 20:00:00,23.71
2021-03-17 21:00:00,23.801
2021-03-17 22:00:00,23.8
2021-03-17 23:00:00,23.784
2021-03-18 00:00:00,23.681
2021-03-18 01:00:00,23.596
2021-03-18 02:00:00,23.504
2021-03-18 03:00:00,23.444
2021-03-18 04:00:00,23.347
2021-03-18 05:00:00,23.258
2021-03-18 06:00:00,23.224
2021-03-18 07:00:00,23.342
2021-03-18 08:00:00,23.334
2021-03-18 09:00:00,23.505
2021-03-18 10:00:00,23.507
2021-03-18 11:00:00,22.356
2021-03-18 12:00:00,21.946
2021-03-18 13:00:00,22.314
2021-03-18 14:00:00,22.451
2021-03-18 15:00:00,22.679
2021-03-18 16:00:00,22.771
2021-03-18 17:00:00,22.531
2021-03-18 18:00:00,22.59
2021-03-18 19:00:00,22.967
2021-03-18 20:00:00,23.369
2021-03-18 21:00:00,23.6
2021-03-18 22:00:00,23.781
2021-03-18 23:00:00,23.9
2021-03-19 00:00:00,23.913
2021-03-19 01:00:00,24.17
2021-03-19 02:00:00,24.259
2021-03-19 03:00:00,24.442
2021-03-19 04:00:00,24.503
2021-03-19 05:00:00,24.707
2021-03-19 06:00:00,24.806
2021-03-19 07:00:00,24.733
2021-03-19 08:00:00,24.891
2021-03-19 09:00:00,24.684
2021-03-19 10:00:00,24.165
2021-03-19 11:00:00,22.165821428571423
2021-03-19 12:00:00,22.029714285714284
2021-03-19 13:00:00,21.947071428571427
2021-03-19 14:00:00,21.849678571428566
2021-03-19 15:00:00,21.782379310344826
2021-03-19 16:00:00,21.80334482758621
2021-03-19 17:00:00,24.285
2021-03-19 18:00:00,23.708
2021-03-19 19:00:00,23.792
2021-03-19 20:00:00,23.874
2021-03-19 21:00:00,23.969
2021-03-19 22:00:00,23.999
2021-03-19 23:00:00,24.0
2021-03-20 00:00:00,23.953
2021-03-20 01:00:00,24.358
2021-03-20 02:00:00,23.814
2021-03-20 03:00:00,23.7
2021-03-20 04:00:00,23.699
2021-03-20 05:00:00,23.664
2021-03-20 06:00:00,23.554
2021-03-20 07:00:00,23.301
2021-03-20 08:00:00,23.181
2021-03-20 09:00:00,22.956
2021-03-20 10:00:00,22.851
2021-03-20 11:00:00,22.799
2021-03-20 12:00:00,22.916
2021-03-20 13:00:00,22.697
2021-03-20 14:00:00,22.98
2021-03-20 15:00:00,23.155
2021-03-20 16:00:00,23.2
2021-03-20 17:00:00,23.151
2021-03-20 18:00:00,23.165
2021-03-20 19:00:00,23.36
2021-03-20 20:00:00,23.522
2021-03-20 21:00:00,23.493
2021-03-20 22:00:00,23.237
2021-03-20 23:00:00,22.752
2021-03-21 00:00:00,22.766
2021-03-21 01:00:00,22.9
2021-03-21 02:00:00,22.917
2021-03-21 03:00:00,22.868
2021-03-21 04:00:00,22.738
2021-03-21 05:00:00,22.674
2021-03-21 06:00:00,22.618
2021-03-21 07:00:00,22.69
2021-03-21 08:00:00,22.819
2021-03-21 09:00:00,22.735
2021-03-21 10:00:00,22.869
2021-03-21 11:00:00,22.868
2021-03-21 12:00:00,22.545
2021-03-21 13:00:00,22.406
2021-03-21 14:00:00,22.079
2021-03-21 15:00:00,22.206
2021-03-21 16:00:00,22.328
2021-03-21 17:00:00,22.451
2021-03-21 18:00:00,21.967
2021-03-21 19:00:00,21.109
2021-03-21 20:00:00,21.672
2021-03-21 21:00:00,21.986
2021-03-21 22:00:00,22.091
2021-03-21 23:00:00,21.262
2021-03-22 00:00:00,21.03
2021-03-22 01:00:00,21.696
2021-03-22 02:00:00,22.199
2021-03-22 03:00:00,22.571
2021-03-22 04:00:00,22.728
2021-03-22 05:00:00,22.987
2021-03-22 06:00:00,23.091
2021-03-22 07:00:00,23.262
2021-03-22 08:00:00,23.781
2021-03-22 09:00:00,23.759
2021-03-22 10:00:00,23.021
2021-03-22 11:00:00,22.077
2021-03-22 12:00:00,22.006
2021-03-22 13:00:00,21.7
2021-03-22 14:00:00,21.373
2021-03-22 15:00:00,21.095
2021-03-22 16:00:00,21.382
2021-03-22 17:00:00,21.591
2021-03-22 18:00:00,21.627
2021-03-22 19:00:00,21.876
2021-03-22 20:00:00,22.264
2021-03-22 21:00:00,22.427
2021-03-22 22:00:00,22.577
2021-03-22 23:00:00,22.726
2021-03-23 00:00:00,22.862
2021-03-23 01:00:00,23.059
2021-03-23 02:00:00,23.185
2021-03-23 03:00:00,23.397
2021-03-23 04:00:00,23.448
2021-03-23 05:00:00,23.559
2021-03-23 06:00:00,23.629
2021-03-23 07:00:00,23.587
2021-03-23 08:00:00,23.899
2021-03-23 09:00:00,23.962
2021-03-23 10:00:00,23.595
2021-03-23 11:00:00,23.308
2021-03-23 12:00:00,23.095
2021-03-23 13:00:00,22.849
2021-03-23 14:00:00,22.745
2021-03-23 15:00:00,22.708
2021-03-23 16:00:00,22.536
2021-03-23 17:00:00,22.307
2021-03-23 18:00:00,22.574
2021-03-23 19:00:00,22.786
2021-03-23 20:00:00,23.04
2021-03-23 21:00:00,23.176
2021-03-23 22:00:00,23.022
2021-03-23 23:00:00,22.606
2021-03-24 00:00:00,22.808
2021-03-24 01:00:00,23.022
2021-03-24 02:00:00,23.252
2021-03-24 03:00:00,23.403
2021-03-24 04:00:00,23.569
2021-03-24 05:00:00,23.704
2021-03-24 06:00:00,23.826
2021-03-24 07:00:00,24.055
2021-03-24 08:00:00,24.294
2021-03-24 09:00:00,24.142
2021-03-24 10:00:00,23.468
2021-03-24 11:00:00,23.302
2021-03-24 12:00:00,23.231
2021-03-24 13:00:00,23.046
2021-03-24 14:00:00,22.912
2021-03-24 15:00:00,22.84
2021-03-24 16:00:00,22.67
2021-03-24 17:00:00,22.867
2021-03-24 18:00:00,22.973
2021-03-24 19:00:00,23.172
2021-03-24 20:00:00,23.246
2021-03-24 21:00:00,23.3
2021-03-24 22:00:00,22.829
2021-03-24 23:00:00,22.479
2021-03-25 00:00:00,22.501
2021-03-25 01:00:00,22.434
2021-03-25 02:00:00,22.338
2021-03-25 03:00:00,22.276
2021-03-25 04:00:00,22.179
2021-03-25 05:00:00,22.136
2021-03-25 06:00:00,22.351
2021-03-25 07:00:00,22.654
2021-03-25 08:00:00,23.147
2021-03-25 09:00:00,23.353
2021-03-25 10:00:00,23.243
2021-03-25 11:00:00,23.116
2021-03-25 12:00:00,22.902
2021-03-25 13:00:00,22.714
2021-03-25 14:00:00,22.554
2021-03-25 15:00:00,22.466
2021-03-25 16:00:00,22.376
2021-03-25 17:00:00,22.393
2021-03-25 18:00:00,22.458
2021-03-25 19:00:00,22.732
2021-03-25 20:00:00,22.666
2021-03-25 21:00:00,22.402
2021-03-25 22:00:00,22.225
2021-03-25 23:00:00,22.042
2021-03-26 00:00:00,21.934
2021-03-26 01:00:00,21.834
2021-03-26 02:00:00,21.743
2021-03-26 03:00:00,21.55
2021-03-26 04:00:00,21.487
2021-03-26 05:00:00,21.394
2021-03-26 06:00:00,21.394
2021-03-26 07:00:00,21.427
2021-03-26 08:00:00,21.814
2021-03-26 09:00:00,21.693
2021-03-26 10:00:00,21.641
2021-03-26 11:00:00,21.801
2021-03-26 12:00:00,21.799
2021-03-26 13:00:00,21.799
2021-03-26 14:00:00,21.799
2021-03-26 15:00:00,21.799
2021-03-26 16:00:00,21.8
2021-03-26 17:00:00,21.792
2021-03-26 18:00:00,21.692
2021-03-26 19:00:00,21.563
2021-03-26 20:00:00,21.484
2021-03-26 21:00:00,21.399
2021-03-26 22:00:00,21.303
2021-03-26 23:00:00,21.213
2021-03-27 00:00:00,21.555
2021-03-27 01:00:00,21.314
2021-03-27 02:00:00,21.033
2021-03-27 03:00:00,21.0
2021-03-27 04:00:00,20.953
2021-03-27 05:00:00,20.866
2021-03-27 06:00:00,20.791
2021-03-27 07:00:00,20.7
2021-03-27 08:00:00,20.758
2021-03-27 09:00:00,20.8
2021-03-27 10:00:00,20.8
2021-03-27 11:00:00,20.799
2021-03-27 12:00:00,20.8
2021-03-27 13:00:00,20.8
2021-03-27 14:00:00,20.801
2021-03-27 15:00:00,20.725
2021-03-27 16:00:00,20.634
2021-03-27 17:00:00,20.544
2021-03-27 18:00:00,20.486
2021-03-27 19:00:00,20.403
2021-03-27 20:00:00,20.482
2021-03-27 21:00:00,20.426
2021-03-27 22:00:00,20.4
2021-03-27 23:00:00,20.392
2021-03-28 00:00:00,20.302
2021-03-28 01:00:00,20.3
2021-03-28 02:00:00,20.286
2021-03-28 03:00:00,20.2
2021-03-28 04:00:00,20.111
2021-03-28 05:00:00,20.016
2021-03-28 06:00:00,19.915
2021-03-28 07:00:00,19.814
2021-03-28 08:00:00,19.774
2021-03-28 09:00:00,19.707
2021-03-28 10:00:00,19.7
2021-03-28 11:00:00,19.699
2021-03-28 12:00:00,19.708
2021-03-28 13:00:00,19.583
2021-03-28 14:00:00,19.625
2021-03-28 15:00:00,19.6
2021-03-28 16:00:00,19.575
2021-03-28 17:00:00,19.5
2021-03-28 18:00:00,19.486
2021-03-28 19:00:00,19.399
2021-03-28 20:00:00,19.342
2021-03-28 21:00:00,19.3
2021-03-28 22:00:00,19.368
2021-03-28 23:00:00,19.301
2021-03-29 00:00:00,19.241
2021-03-29 01:00:00,19.198
2021-03-29 02:00:00,19.119
2021-03-29 03:00:00,19.1
2021-03-29 04:00:00,19.014
2021-03-29 05:00:00,18.999
2021-03-29 06:00:00,18.979
2021-03-29 07:00:00,18.991
2021-03-29 08:00:00,19.29
2021-03-29 09:00:00,19.745
2021-03-29 10:00:00,20.001
2021-03-29 11:00:00,20.221
2021-03-29 12:00:00,20.477
2021-03-29 13:00:00,20.611
2021-03-29 14:00:00,20.766
2021-03-29 15:00:00,20.794
2021-03-29 16:00:00,20.768
2021-03-29 17:00:00,20.88
2021-03-29 18:00:00,20.777
2021-03-29 19:00:00,21.084
2021-03-29 20:00:00,21.175
2021-03-29 21:00:00,21.415
2021-03-29 22:00:00,21.539
2021-03-29 23:00:00,21.715
2021-03-30 00:00:00,21.973
2021-03-30 01:00:00,22.039
2021-03-30 02:00:00,22.257
2021-03-30 03:00:00,22.394
2021-03-30 04:00:00,22.569
2021-03-30 05:00:00,22.767
2021-03-30 06:00:00,22.899
2021-03-30 07:00:00,23.13
2021-03-30 08:00:00,23.512
2021-03-30 09:00:00,23.547
2021-03-30 10:00:00,23.381
2021-03-30 11:00:00,22.983
2021-03-30 12:00:00,22.777
2021-03-30 13:00:00,22.679
2021-03-30 14:00:00,22.6
2021-03-30 15:00:00,22.595
2021-03-30 16:00:00,22.543
2021-03-30 17:00:00,22.671
2021-03-30 18:00:00,22.684
2021-03-30 19:00:00,22.728
2021-03-30 20:00:00,22.805
2021-03-30 21:00:00,22.668
2021-03-30 22:00:00,22.767
2021-03-30 23:00:00,22.849
2021-03-31 00:00:00,22.991
2021-03-31 01:00:00,23.1
2021-03-31 02:00:00,23.143
2021-03-31 03:00:00,23.314
2021-03-31 04:00:00,23.383
2021-03-31 05:00:00,23.53
2021-03-31 06:00:00,23.636
2021-03-31 07:00:00,23.982
2021-03-31 08:00:00,24.531
2021-03-31 09:00:00,24.408
2021-03-31 10:00:00,24.2
2021-03-31 11:00:00,24.007
2021-03-31 12:00:00,23.89
2021-03-31 13:00:00,23.809
2021-03-31 14:00:00,23.858
2021-03-31 15:00:00,23.967
2021-03-31 16:00:00,23.901
2021-03-31 17:00:00,23.905
2021-03-31 18:00:00,23.816
2021-03-31 19:00:00,23.923
2021-03-31 20:00:00,24.0
2021-03-31 21:00:00,23.914
2021-03-31 22:00:00,23.739
2021-03-31 23:00:00,23.653
2021-04-01 00:00:00,23.584
2021-04-01 01:00:00,23.42
2021-04-01 02:00:00,23.303
2021-04-01 03:00:00,23.202
2021-04-01 04:00:00,23.155
2021-04-01 05:00:00,23.151
2021-04-01 06:00:00,23.154
2021-04-01 07:00:00,23.231
2021-04-01 08:00:00,22.865
2021-04-01 09:00:00,23.291
2021-04-01 10:00:00,23.309
2021-04-01 11:00:00,23.202
2021-04-01 12:00:00,23.048
2021-04-01 13:00:00,22.932
2021-04-01 14:00:00,22.844
2021-04-01 15:00:00,22.813
2021-04-01 16:00:00,22.802
2021-04-01 17:00:00,22.844
2021-04-01 18:00:00,22.981
2021-04-01 19:00:00,23.206
2021-04-01 20:00:00,23.4
2021-04-01 21:00:00,23.261
2021-04-01 22:00:00,23.123
2021-04-01 23:00:00,23.004
2021-04-02 00:00:00,23.0
2021-04-02 01:00:00,22.928
2021-04-02 02:00:00,22.796
2021-04-02 03:00:00,22.703
2021-04-02 04:00:00,22.659
2021-04-02 05:00:00,22.598
2021-04-02 06:00:00,22.502
2021-04-02 07:00:00,22.6
2021-04-02 08:00:00,22.856
2021-04-02 09:00:00,23.198
2021-04-02 10:00:00,23.179
2021-04-02 11:00:00,23.087
2021-04-02 12:00:00,23.054
2021-04-02 13:00:00,23.0
2021-04-02 14:00:00,23.048
2021-04-02 15:00:00,23.174
2021-04-02 16:00:00,23.181
2021-04-02 17:00:00,23.091
2021-04-02 18:00:00,23.189
2021-04-02 19:00:00,23.284
2021-04-02 20:00:00,23.36
2021-04-02 21:00:00,23.455
2021-04-02 22:00:00,23.428
2021-04-02 23:00:00,23.4
2021-04-03 00:00:00,23.331
2021-04-03 01:00:00,23.302
2021-04-03 02:00:00,23.3
2021-04-03 03:00:00,23.308
2021-04-03 04:00:00,23.37
2021-04-03 05:00:00,23.317
2021-04-03 06:00:00,23.287
2021-04-03 07:00:00,23.297
2021-04-03 08:00:00,23.477
2021-04-03 09:00:00,23.513
2021-04-03 10:00:00,23.481
2021-04-03 11:00:00,23.173
2021-04-03 12:00:00,23.304
2021-04-03 13:00:00,23.332
2021-04-03 14:00:00,23.053
2021-04-03 15:00:00,23.241
2021-04-03 16:00:00,23.329
2021-04-03 17:00:00,23.499
2021-04-03 18:00:00,23.426
2021-04-03 19:00:00,23.377
2021-04-03 20:00:00,23.291
2021-04-03 21:00:00,23.126
2021-04-03 22:00:00,22.884
2021-04-03 23:00:00,22.899
2021-04-04 00:00:00,22.806
2021-04-04 01:00:00,22.597
2021-04-04 02:00:00,22.451
2021-04-04 03:00:00,22.376
2021-04-04 04:00:00,22.246
2021-04-04 05:00:00,22.259
2021-04-04 06:00:00,22.173
2021-04-04 07:00:00,22.107
2021-04-04 08:00:00,22.403
2021-04-04 09:00:00,22.531
2021-04-04 10:00:00,21.964
2021-04-04 11:00:00,22.115
2021-04-04 12:00:00,22.465
2021-04-04 13:00:00,22.553
2021-04-04 14:00:00,22.544
2021-04-04 15:00:00,22.496
2021-04-04 16:00:00,22.696
2021-04-04 17:00:00,22.854
2021-04-04 18:00:00,22.937
2021-04-04 19:00:00,23.173
2021-04-04 20:00:00,23.353
2021-04-04 21:00:00,23.368
2021-04-04 22:00:00,23.139
2021-04-04 23:00:00,23.023
2021-04-05 00:00:00,22.933
2021-04-05 01:00:00,22.893
2021-04-05 02:00:00,22.79
2021-04-05 03:00:00,22.703
2021-04-05 04:00:00,22.638
2021-04-05 05:00:00,22.6
2021-04-05 06:00:00,22.59
2021-04-05 07:00:00,22.824
2021-04-05 08:00:00,23.263
2021-04-05 09:00:00,23.412
2021-04-05 10:00:00,23.026
2021-04-05 11:00:00,22.651
2021-04-05 12:00:00,22.232
2021-04-05 13:00:00,22.151
2021-04-05 14:00:00,22.041
2021-04-05 15:00:00,21.975
2021-04-05 16:00:00,21.966
2021-04-05 17:00:00,22.082
2021-04-05 18:00:00,22.428
2021-04-05 19:00:00,22.64
2021-04-05 20:00:00,22.701
2021-04-05 21:00:00,22.797
2021-04-05 22:00:00,22.8
2021-04-05 23:00:00,22.8
2021-04-06 00:00:00,22.739
2021-04-06 01:00:00,22.701
2021-04-06 02:00:00,22.621
2021-04-06 03:00:00,22.632
2021-04-06 04:00:00,22.652
2021-04-06 05:00:00,22.6
2021-04-06 06:00:00,22.518
2021-04-06 07:00:00,22.469
2021-04-06 08:00:00,22.694
2021-04-06 09:00:00,22.871
2021-04-06 10:00:00,22.895
2021-04-06 11:00:00,22.836
2021-04-06 12:00:00,22.724
2021-04-06 13:00:00,22.612
2021-04-06 14:00:00,22.669
2021-04-06 15:00:00,22.736
2021-04-06 16:00:00,22.771
2021-04-06 17:00:00,22.735
2021-04-06 18:00:00,22.798
2021-04-06 19:00:00,22.889
2021-04-06 20:00:00,23.082
2021-04-06 21:00:00,23.1
2021-04-06 22:00:00,23.077
2021-04-06 23:00:00,23.0
2021-04-07 00:00:00,22.929
2021-04-07 01:00:00,22.806
2021-04-07 02:00:00,22.754
2021-04-07 03:00:00,22.699
2021-04-07 04:00:00,22.61
2021-04-07 05:00:00,22.6
2021-04-07 06:00:00,22.629
2021-04-07 07:00:00,22.969
2021-04-07 08:00:00,23.364
2021-04-07 09:00:00,23.522
2021-04-07 10:00:00,23.5
2021-04-07 11:00:00,23.456
2021-04-07 12:00:00,23.204
2021-04-07 13:00:00,23.027
2021-04-07 14:00:00,23.005
2021-04-07 15:00:00,23.0
2021-04-07 16:00:00,22.966
2021-04-07 17:00:00,22.925
2021-04-07 18:00:00,22.809
2021-04-07 19:00:00,22.584
2021-04-07 20:00:00,22.697
2021-04-07 21:00:00,22.585
2021-04-07 22:00:00,22.394
2021-04-07 23:00:00,22.255
2021-04-08 00:00:00,22.123
2021-04-08 01:00:00,21.936
2021-04-08 02:00:00,21.775
2021-04-08 03:00:00,21.652
2021-04-08 04:00:00,21.574
2021-04-08 05:00:00,21.802
2021-04-08 06:00:00,21.944
2021-04-08 07:00:00,22.21
2021-04-08 08:00:00,22.606
2021-04-08 09:00:00,22.883
2021-04-08 10:00:00,22.938
2021-04-08 11:00:00,22.87
2021-04-08 12:00:00,22.71
2021-04-08 13:00:00,22.495
2021-04-08 14:00:00,22.344
2021-04-08 15:00:00,22.29
2021-04-08 16:00:00,22.228
2021-04-08 17:00:00,22.306
2021-04-08 18:00:00,22.422
2021-04-08 19:00:00,22.65
2021-04-08 20:00:00,22.656
2021-04-08 21:00:00,22.499
2021-04-08 22:00:00,22.348
2021-04-08 23:00:00,22.168
2021-04-09 00:00:00,22.068
2021-04-09 01:00:00,22.018
2021-04-09 02:00:00,21.922
2021-04-09 03:00:00,21.879
2021-04-09 04:00:00,21.804
2021-04-09 05:00:00,21.785
2021-04-09 06:00:00,21.86
2021-04-09 07:00:00,22.031
2021-04-09 08:00:00,21.761
2021-04-09 09:00:00,21.966
2021-04-09 10:00:00,22.197
2021-04-09 11:00:00,22.296
2021-04-09 12:00:00,22.219
2021-04-09 13:00:00,22.131
2021-04-09 14:00:00,22.099
2021-04-09 15:00:00,22.031
2021-04-09 16:00:00,22.008
2021-04-09 17:00:00,22.094
2021-04-09 18:00:00,22.253
2021-04-09 19:00:00,22.351
2021-04-09 20:00:00,22.528
2021-04-09 21:00:00,22.523
2021-04-09 22:00:00,22.39
2021-04-09 23:00:00,22.274
2021-04-10 00:00:00,22.159
2021-04-10 01:00:00,22.1
2021-04-10 02:00:00,22.064
2021-04-10 03:00:00,22.0
2021-04-10 04:00:00,21.92
2021-04-10 05:00:00,21.888
2021-04-10 06:00:00,21.801
2021-04-10 07:00:00,21.896
2021-04-10 08:00:00,22.274
2021-04-10 09:00:00,22.596
2021-04-10 10:00:00,22.697
2021-04-10 11:00:00,22.675
2021-04-10 12:00:00,22.6
2021-04-10 13:00:00,22.6
2021-04-10 14:00:00,22.547
2021-04-10 15:00:00,22.415
2021-04-10 16:00:00,22.399
2021-04-10 17:00:00,22.306
2021-04-10 18:00:00,22.401
2021-04-10 19:00:00,22.385
2021-04-10 20:00:00,22.662
2021-04-10 21:00:00,22.8
2021-04-10 22:00:00,22.726
2021-04-10 23:00:00,22.667
2021-04-11 00:00:00,22.6
2021-04-11 01:00:00,22.547
2021-04-11 02:00:00,22.266
2021-04-11 03:00:00,22.075
2021-04-11 04:00:00,21.934
2021-04-11 05:00:00,21.815
2021-04-11 06:00:00,21.902
2021-04-11 07:00:00,22.178
2021-04-11 08:00:00,22.437
2021-04-11 09:00:00,22.551
2021-04-11 10:00:00,22.655
2021-04-11 11:00:00,22.615
2021-04-11 12:00:00,22.77
2021-04-11 13:00:00,22.854
2021-04-11 14:00:00,22.998
2021-04-11 15:00:00,23.0
2021-04-11 16:00:00,22.923
2021-04-11 17:00:00,22.987
2021-04-11 18:00:00,22.995
2021-04-11 19:00:00,22.882
2021-04-11 20:00:00,23.014
2021-04-11 21:00:00,23.186
2021-04-11 22:00:00,23.2
2021-04-11 23:00:00,23.19
2021-04-12 00:00:00,23.105
2021-04-12 01:00:00,23.1
2021-04-12 02:00:00,23.059
2021-04-12 03:00:00,22.98
2021-04-12 04:00:00,22.899
2021-04-12 05:00:00,22.841
2021-04-12 06:00:00,22.892
2021-04-12 07:00:00,22.995
2021-04-12 08:00:00,23.144
2021-04-12 09:00:00,22.876
2021-04-12 10:00:00,22.605
2021-04-12 11:00:00,22.457
2021-04-12 12:00:00,22.326
2021-04-12 13:00:00,22.145
2021-04-12 14:00:00,21.828
2021-04-12 15:00:00,22.045
2021-04-12 16:00:00,21.862
2021-04-12 17:00:00,21.784
2021-04-12 18:00:00,22.425
2021-04-12 19:00:00,22.815
2021-04-12 20:00:00,23.077
2021-04-12 21:00:00,23.223
2021-04-12 22:00:00,23.473
2021-04-12 23:00:00,23.596
2021-04-13 00:00:00,23.703
2021-04-13 01:00:00,23.755
2021-04-13 02:00:00,23.943
2021-04-13 03:00:00,24.064
2021-04-13 04:00:00,24.091
2021-04-13 05:00:00,24.057
2021-04-13 06:00:00,24.095
2021-04-13 07:00:00,24.08
2021-04-13 08:00:00,23.725
2021-04-13 09:00:00,23.587
2021-04-13 10:00:00,23.583
2021-04-13 11:00:00,23.358
2021-04-13 12:00:00,22.953
2021-04-13 13:00:00,22.822
2021-04-13 14:00:00,22.794
2021-04-13 15:00:00,22.874
2021-04-13 16:00:00,22.651
2021-04-13 17:00:00,22.606
2021-04-13 18:00:00,22.65
2021-04-13 19:00:00,22.943
2021-04-13 20:00:00,23.167
2021-04-13 21:00:00,23.311
2021-04-13 22:00:00,23.214
2021-04-13 23:00:00,23.061
2021-04-14 00:00:00,22.962
2021-04-14 01:00:00,22.922
2021-04-14 02:00:00,22.797
2021-04-14 03:00:00,22.654
2021-04-14 04:00:00,22.518
2021-04-14 05:00:00,22.409
2021-04-14 06:00:00,22.415
2021-04-14 07:00:00,22.664
2021-04-14 08:00:00,22.995
2021-04-14 09:00:00,23.069
2021-04-14 10:00:00,22.895
2021-04-14 11:00:00,22.874
2021-04-14 12:00:00,22.64
2021-04-14 13:00:00,22.306
2021-04-14 14:00:00,22.03
2021-04-14 15:00:00,22.095
2021-04-14 16:00:00,22.2
2021-04-14 17:00:00,22.245
2021-04-14 18:00:00,22.401
2021-04-14 19:00:00,22.501
2021-04-14 20:00:00,22.593
2021-04-14 21:00:00,22.511
2021-04-14 22:00:00,22.403
2021-04-14 23:00:00,22.314
2021-04-15 00:00:00,22.234
2021-04-15 01:00:00,22.2
2021-04-15 02:00:00,22.136
2021-04-15 03:00:00,22.03
2021-04-15 04:00:00,21.923
2021-04-15 05:00:00,21.897
2021-04-15 06:00:00,21.9
2021-04-15 07:00:00,22.02
2021-04-15 08:00:00,22.27
2021-04-15 09:00:00,22.381
2021-04-15 10:00:00,22.4
2021-04-15 11:00:00,22.401
2021-04-15 12:00:00,22.298
2021-04-15 13:00:00,22.143
2021-04-15 14:00:00,22.028
2021-04-15 15:00:00,21.941
2021-04-15 16:00:00,21.858
2021-04-15 17:00:00,21.801
2021-04-15 18:00:00,21.895
2021-04-15 19:00:00,22.177
2021-04-15 20:00:00,22.383
2021-04-15 21:00:00,22.382
2021-04-15 22:00:00,22.303
2021-04-15 23:00:00,22.254
2021-04-16 00:00:00,22.179
2021-04-16 01:00:00,22.102
2021-04-16 02:00:00,22.084
2021-04-16 03:00:00,22.001
2021-04-16 04:00:00,21.999
2021-04-16 05:00:00,22.0
2021-04-16 06:00:00,22.0
2021-04-16 07:00:00,22.0
2021-04-16 08:00:00,21.995
2021-04-16 09:00:00,21.858
2021-04-16 10:00:00,21.747
2021-04-16 11:00:00,21.699
2021-04-16 12:00:00,21.61
2021-04-16 13:00:00,21.6
2021-04-16 14:00:00,21.6
2021-04-16 15:00:00,21.61
2021-04-16 16:00:00,21.6
2021-04-16 17:00:00,21.6
2021-04-16 18:00:00,21.668
2021-04-16 19:00:00,21.746
2021-04-16 20:00:00,21.945
2021-04-16 21:00:00,22.1
2021-04-16 22:00:00,22.072
2021-04-16 23:00:00,22.258
2021-04-17 00:00:00,22.3
2021-04-17 01:00:00,22.443
2021-04-17 02:00:00,22.583
2021-04-17 03:00:00,22.602
2021-04-17 04:00:00,22.6
2021-04-17 05:00:00,22.548
2021-04-17 06:00:00,22.5
2021-04-17 07:00:00,22.534
2021-04-17 08:00:00,22.75
2021-04-17 09:00:00,22.783
2021-04-17 10:00:00,22.696
2021-04-17 11:00:00,22.642
2021-04-17 12:00:00,22.575
2021-04-17 13:00:00,22.192
2021-04-17 14:00:00,22.02
2021-04-17 15:00:00,21.998
2021-04-17 16:00:00,22.118
2021-04-17 17:00:00,22.187
2021-04-17 18:00:00,21.973
2021-04-17 19:00:00,21.796
2021-04-17 20:00:00,21.575
2021-04-17 21:00:00,22.036
2021-04-17 22:00:00,22.461
2021-04-17 23:00:00,22.502
2021-04-18 00:00:00,22.411
2021-04-18 01:00:00,22.331
2021-04-18 02:00:00,22.24
2021-04-18 03:00:00,22.144
2021-04-18 04:00:00,22.061
2021-04-18 05:00:00,21.998
2021-04-18 06:00:00,21.925
2021-04-18 07:00:00,22.141
2021-04-18 08:00:00,22.483
2021-04-18 09:00:00,22.765
2021-04-18 10:00:00,22.569
2021-04-18 11:00:00,21.832
2021-04-18 12:00:00,21.134
2021-04-18 13:00:00,21.579
2021-04-18 14:00:00,21.813
2021-04-18 15:00:00,21.953
2021-04-18 16:00:00,21.98
2021-04-18 17:00:00,21.9
2021-04-18 18:00:00,21.8
2021-04-18 19:00:00,21.898
2021-04-18 20:00:00,22.241
2021-04-18 21:00:00,22.334
2021-04-18 22:00:00,22.287
2021-04-18 23:00:00,22.169
2021-04-19 00:00:00,22.028
2021-04-19 01:00:00,21.928
2021-04-19 02:00:00,21.84
2021-04-19 03:00:00,21.731
2021-04-19 04:00:00,21.671
2021-04-19 05:00:00,21.616
2021-04-19 06:00:00,21.627
2021-04-19 07:00:00,21.819
2021-04-19 08:00:00,22.104
2021-04-19 09:00:00,22.276
2021-04-19 10:00:00,22.227
2021-04-19 11:00:00,22.067
2021-04-19 12:00:00,21.912
2021-04-19 13:00:00,21.756
2021-04-19 14:00:00,21.634
2021-04-19 15:00:00,21.582
2021-04-19 16:00:00,21.5
2021-04-19 17:00:00,21.459
2021-04-19 18:00:00,21.44
2021-04-19 19:00:00,21.526
2021-04-19 20:00:00,21.722
2021-04-19 21:00:00,21.8
2021-04-19 22:00:00,21.749
2021-04-19 23:00:00,21.7
2021-04-20 00:00:00,21.639
2021-04-20 01:00:00,21.528
2021-04-20 02:00:00,21.356
2021-04-20 03:00:00,21.247
2021-04-20 04:00:00,21.149
2021-04-20 05:00:00,21.101
2021-04-20 06:00:00,21.213
2021-04-20 07:00:00,21.464
2021-04-20 08:00:00,21.862
2021-04-20 09:00:00,22.064
2021-04-20 10:00:00,22.113
2021-04-20 11:00:00,22.1
2021-04-20 12:00:00,22.02
2021-04-20 13:00:00,21.899
2021-04-20 14:00:00,21.815
2021-04-20 15:00:00,21.8
2021-04-20 16:00:00,21.792
2021-04-20 17:00:00,21.7
2021-04-20 18:00:00,21.715
2021-04-20 19:00:00,21.879
2021-04-20 20:00:00,22.052
2021-04-20 21:00:00,22.045
2021-04-20 22:00:00,21.993
2021-04-20 23:00:00,21.905
2021-04-21 00:00:00,21.828
2021-04-21 01:00:00,21.8
2021-04-21 02:00:00,21.798
2021-04-21 03:00:00,21.752
2021-04-21 04:00:00,21.706
2021-04-21 05:00:00,21.7
2021-04-21 06:00:00,21.7
2021-04-21 07:00:00,21.894
2021-04-21 08:00:00,22.308
2021-04-21 09:00:00,22.537
2021-04-21 10:00:00,22.6
2021-04-21 11:00:00,22.64
2021-04-21 12:00:00,22.698
2021-04-21 13:00:00,22.604
2021-04-21 14:00:00,22.6
2021-04-21 15:00:00,22.544
2021-04-21 16:00:00,22.596
2021-04-21 17:00:00,22.6
2021-04-21 18:00:00,22.65
2021-04-21 19:00:00,22.802
2021-04-21 20:00:00,22.954
2021-04-21 21:00:00,23.052
2021-04-21 22:00:00,22.965
2021-04-21 23:00:00,22.9
2021-04-22 00:00:00,22.842
2021-04-22 01:00:00,22.8
2021-04-22 02:00:00,22.771
2021-04-22 03:00:00,22.7
2021-04-22 04:00:00,22.623
2021-04-22 05:00:00,22.581
2021-04-22 06:00:00,22.649
2021-04-22 07:00:00,22.809
2021-04-22 08:00:00,22.916
2021-04-22 09:00:00,22.865
2021-04-22 10:00:00,22.852
2021-04-22 11:00:00,22.939
2021-04-22 12:00:00,22.997
2021-04-22 13:00:00,23.025
2021-04-22 14:00:00,23.008
2021-04-22 15:00:00,23.05
2021-04-22 16:00:00,23.199
2021-04-22 17:00:00,23.372
2021-04-22 18:00:00,23.466
2021-04-22 19:00:00,23.452
2021-04-22 20:00:00,23.541
2021-04-22 21:00:00,23.5
2021-04-22 22:00:00,23.42
2021-04-22 23:00:00,23.4
2021-04-23 00:00:00,23.402
2021-04-23 01:00:00,23.222
2021-04-23 02:00:00,23.054
2021-04-23 03:00:00,23.101
2021-04-23 04:00:00,23.026
2021-04-23 05:00:00,23.0
2021-04-23 06:00:00,22.965
2021-04-23 07:00:00,22.963
2021-04-23 08:00:00,22.929
2021-04-23 09:00:00,22.878
2021-04-23 10:00:00,22.95
2021-04-23 11:00:00,23.1
2021-04-23 12:00:00,23.086
2021-04-23 13:00:00,23.037
2021-04-23 14:00:00,23.058
2021-04-23 15:00:00,23.117
2021-04-23 16:00:00,23.291
2021-04-23 17:00:00,23.545
2021-04-23 18:00:00,23.605
2021-04-23 19:00:00,23.766
2021-04-23 20:00:00,23.8
2021-04-23 21:00:00,23.68
2021-04-23 22:00:00,23.6
2021-04-23 23:00:00,23.6
2021-04-24 00:00:00,23.62
2021-04-24 01:00:00,23.692
2021-04-24 02:00:00,23.591
2021-04-24 03:00:00,23.429
2021-04-24 04:00:00,23.396
2021-04-24 05:00:00,23.397
2021-04-24 06:00:00,23.363
2021-04-24 07:00:00,23.38
2021-04-24 08:00:00,22.969
2021-04-24 09:00:00,23.112
2021-04-24 10:00:00,23.496
2021-04-24 11:00:00,23.284
2021-04-24 12:00:00,23.351
2021-04-24 13:00:00,23.391
2021-04-24 14:00:00,23.318
2021-04-24 15:00:00,23.527
2021-04-24 16:00:00,23.852
2021-04-24 17:00:00,23.992
2021-04-24 18:00:00,24.041
2021-04-24 19:00:00,24.191
2021-04-24 20:00:00,24.127
2021-04-24 21:00:00,24.06
2021-04-24 22:00:00,23.949
2021-04-24 23:00:00,23.865
2021-04-25 00:00:00,23.757
2021-04-25 01:00:00,23.668
2021-04-25 02:00:00,23.591
2021-04-25 03:00:00,23.495
2021-04-25 04:00:00,23.407
2021-04-25 05:00:00,23.279
2021-04-25 06:00:00,23.14
2021-04-25 07:00:00,23.304
2021-04-25 08:00:00,23.849
2021-04-25 09:00:00,24.232
2021-04-25 10:00:00,24.284
2021-04-25 11:00:00,24.193
2021-04-25 12:00:00,24.1
2021-04-25 13:00:00,23.9
2021-04-25 14:00:00,23.821
2021-04-25 15:00:00,23.9
2021-04-25 16:00:00,24.003
2021-04-25 17:00:00,24.184
2021-04-25 18:00:00,24.358
2021-04-25 19:00:00,24.494
2021-04-25 20:00:00,24.6
2021-04-25 21:00:00,24.606
2021-04-25 22:00:00,24.568
2021-04-25 23:00:00,24.474
2021-04-26 00:00:00,24.385
2021-04-26 01:00:00,24.32
2021-04-26 02:00:00,24.3
2021-04-26 03:00:00,24.231
2021-04-26 04:00:00,24.186
2021-04-26 05:00:00,24.16
2021-04-26 06:00:00,23.994
2021-04-26 07:00:00,23.679
2021-04-26 08:00:00,24.146
2021-04-26 09:00:00,24.486
2021-04-26 10:00:00,24.518
2021-04-26 11:00:00,24.5
2021-04-26 12:00:00,24.5
2021-04-26 13:00:00,24.511
2021-04-26 14:00:00,24.534
2021-04-26 15:00:00,24.6
2021-04-26 16:00:00,24.673
2021-04-26 17:00:00,24.722
2021-04-26 18:00:00,24.728
2021-04-26 19:00:00,24.675
2021-04-26 20:00:00,24.669
2021-04-26 21:00:00,24.478
2021-04-26 22:00:00,24.318
2021-04-26 23:00:00,24.17
2021-04-27 00:00:00,24.08
2021-04-27 01:00:00,23.986
2021-04-27 02:00:00,23.888
2021-04-27 03:00:00,23.8
2021-04-27 04:00:00,23.717
2021-04-27 05:00:00,23.697
2021-04-27 06:00:00,23.634
2021-04-27 07:00:00,23.661
2021-04-27 08:00:00,23.788
2021-04-27 09:00:00,23.892
2021-04-27 10:00:00,24.001
2021-04-27 11:00:00,24.098
2021-04-27 12:00:00,24.101
2021-04-27 13:00:00,24.2
2021-04-27 14:00:00,24.226
2021-04-27 15:00:00,24.142
2021-04-27 16:00:00,24.125
2021-04-27 17:00:00,24.17
2021-04-27 18:00:00,24.286
2021-04-27 19:00:00,24.299
2021-04-27 20:00:00,24.375
2021-04-27 21:00:00,24.389
2021-04-27 22:00:00,24.318
2021-04-27 23:00:00,24.3
2021-04-28 00:00:00,24.301
2021-04-28 01:00:00,24.346
2021-04-28 02:00:00,24.309
2021-04-28 03:00:00,24.301
2021-04-28 04:00:00,24.214
2021-04-28 05:00:00,24.116
2021-04-28 06:00:00,24.102
2021-04-28 07:00:00,24.16
2021-04-28 08:00:00,23.95
2021-04-28 09:00:00,23.523
2021-04-28 10:00:00,23.099
2021-04-28 11:00:00,23.028
2021-04-28 12:00:00,23.057
2021-04-28 13:00:00,23.008
2021-04-28 14:00:00,23.011
2021-04-28 15:00:00,22.954
2021-04-28 16:00:00,23.147
2021-04-28 17:00:00,23.2
2021-04-28 18:00:00,23.298
2021-04-28 19:00:00,23.334
2021-04-28 20:00:00,23.412
2021-04-28 21:00:00,23.586
2021-04-28 22:00:00,23.701
2021-04-28 23:00:00,23.784
2021-04-29 00:00:00,23.799
2021-04-29 01:00:00,23.711
2021-04-29 02:00:00,23.698
2021-04-29 03:00:00,23.633
2021-04-29 04:00:00,23.6
2021-04-29 05:00:00,23.597
2021-04-29 06:00:00,23.511
2021-04-29 07:00:00,23.536
2021-04-29 08:00:00,23.318
2021-04-29 09:00:00,23.211
2021-04-29 10:00:00,23.184
2021-04-29 11:00:00,23.1
2021-04-29 12:00:00,23.039
2021-04-29 13:00:00,23.075
2021-04-29 14:00:00,23.0
2021-04-29 15:00:00,23.061
2021-04-29 16:00:00,23.099
2021-04-29 17:00:00,23.149
2021-04-29 18:00:00,23.32
2021-04-29 19:00:00,23.246
2021-04-29 20:00:00,23.325
2021-04-29 21:00:00,23.486
2021-04-29 22:00:00,23.499
2021-04-29 23:00:00,23.426
2021-04-30 00:00:00,23.383
2021-04-30 01:00:00,23.342
2021-04-30 02:00:00,23.291
2021-04-30 03:00:00,23.275
2021-04-30 04:00:00,23.211
2021-04-30 05:00:00,23.197
2021-04-30 06:00:00,23.2
2021-04-30 07:00:00,23.194
2021-04-30 08:00:00,22.505
2021-04-30 09:00:00,22.518
2021-04-30 10:00:00,22.591
2021-04-30 11:00:00,22.5
2021-04-30 12:00:00,22.5
2021-04-30 13:00:00,22.422
2021-04-30 14:00:00,22.395
2021-04-30 15:00:00,22.301
2021-04-30 16:00:00,22.283
2021-04-30 17:00:00,22.202
2021-04-30 18:00:00,22.316
2021-04-30 19:00:00,22.465
2021-04-30 20:00:00,22.488
2021-04-30 21:00:00,22.375
2021-04-30 22:00:00,22.3
2021-04-30 23:00:00,22.221
2021-05-01 00:00:00,21.957
2021-05-01 01:00:00,21.241
2021-05-01 02:00:00,20.952
2021-05-01 03:00:00,20.761
2021-05-01 04:00:00,20.625
2021-05-01 05:00:00,20.572
2021-05-01 06:00:00,20.818
2021-05-01 07:00:00,21.064
2021-05-01 08:00:00,21.409
2021-05-01 09:00:00,21.609
2021-05-01 10:00:00,21.896
2021-05-01 11:00:00,22.283
2021-05-01 12:00:00,22.142
2021-05-01 13:00:00,22.099
2021-05-01 14:00:00,22.171
2021-05-01 15:00:00,22.2
2021-05-01 16:00:00,22.207
2021-05-01 17:00:00,22.286
2021-05-01 18:00:00,22.273
2021-05-01 19:00:00,22.473
2021-05-01 20:00:00,22.66
2021-05-01 21:00:00,22.823
2021-05-01 22:00:00,23.243
2021-05-01 23:00:00,22.827
2021-05-02 00:00:00,22.712
2021-05-02 01:00:00,22.612
2021-05-02 02:00:00,22.597
2021-05-02 03:00:00,22.512
2021-05-02 04:00:00,22.498
2021-05-02 05:00:00,22.417
2021-05-02 06:00:00,22.357
2021-05-02 07:00:00,22.43
2021-05-02 08:00:00,22.803
2021-05-02 09:00:00,22.742
2021-05-02 10:00:00,22.526
2021-05-02 11:00:00,22.476
2021-05-02 12:00:00,22.329
2021-05-02 13:00:00,22.264
2021-05-02 14:00:00,22.137
2021-05-02 15:00:00,22.245
2021-05-02 16:00:00,22.394
2021-05-02 17:00:00,22.434
2021-05-02 18:00:00,22.641
2021-05-02 19:00:00,22.639
2021-05-02 20:00:00,22.524
2021-05-02 21:00:00,22.453
2021-05-02 22:00:00,22.4
2021-05-02 23:00:00,23.820285714285717
2021-05-03 00:00:00,23.675
2021-05-03 01:00:00,23.6235
2021-05-03 02:00:00,22.725
2021-05-03 03:00:00,22.153
2021-05-03 04:00:00,21.888
2021-05-03 05:00:00,21.966
2021-05-03 06:00:00,22.044
2021-05-03 07:00:00,22.241
2021-05-03 08:00:00,22.817
2021-05-03 09:00:00,22.755
2021-05-03 10:00:00,22.556
2021-05-03 11:00:00,22.497
2021-05-03 12:00:00,22.447
2021-05-03 13:00:00,22.379
2021-05-03 14:00:00,22.332
2021-05-03 15:00:00,22.323
2021-05-03 16:00:00,22.442
2021-05-03 17:00:00,22.619
2021-05-03 18:00:00,22.652
2021-05-03 19:00:00,22.796
2021-05-03 20:00:00,22.8
2021-05-03 21:00:00,22.8
2021-05-03 22:00:00,22.798
2021-05-03 23:00:00,22.696
2021-05-04 00:00:00,22.432
2021-05-04 01:00:00,22.251
2021-05-04 02:00:00,21.968
2021-05-04 03:00:00,21.704
2021-05-04 04:00:00,21.569
2021-05-04 05:00:00,21.639
2021-05-04 06:00:00,21.886
2021-05-04 07:00:00,22.089
2021-05-04 08:00:00,22.317
2021-05-04 09:00:00,22.304
2021-05-04 10:00:00,22.312
2021-05-04 11:00:00,22.268
2021-05-04 12:00:00,22.231
2021-05-04 13:00:00,22.2
2021-05-04 14:00:00,22.154
2021-05-04 15:00:00,22.195
2021-05-04 16:00:00,22.2
2021-05-04 17:00:00,22.274
2021-05-04 18:00:00,22.4
2021-05-04 19:00:00,22.484
2021-05-04 20:00:00,22.577
2021-05-04 21:00:00,22.7
2021-05-04 22:00:00,22.7
2021-05-04 23:00:00,22.699
2021-05-05 00:00:00,22.641
2021-05-05 01:00:00,22.629
2021-05-05 02:00:00,23.4
2021-05-05 03:00:00,22.713
2021-05-05 04:00:00,22.473
2021-05-05 05:00:00,22.402
2021-05-05 06:00:00,22.4
2021-05-05 07:00:00,22.45
2021-05-05 08:00:00,22.426
2021-05-05 09:00:00,22.621
2021-05-05 10:00:00,22.672
2021-05-05 11:00:00,22.532
2021-05-05 12:00:00,22.374
2021-05-05 13:00:00,22.3
2021-05-05 14:00:00,22.28
2021-05-05 15:00:00,22.277
2021-05-05 16:00:00,22.333
2021-05-05 17:00:00,22.445
2021-05-05 18:00:00,22.66
2021-05-05 19:00:00,22.712
2021-05-05 20:00:00,22.965
2021-05-05 21:00:00,23.172
2021-05-05 22:00:00,23.2
2021-05-05 23:00:00,23.13
2021-05-06 00:00:00,23.066
2021-05-06 01:00:00,23.6235
2021-05-06 02:00:00,23.332
2021-05-06 03:00:00,22.823
2021-05-06 04:00:00,22.666
2021-05-06 05:00:00,22.6
2021-05-06 06:00:00,22.63
2021-05-06 07:00:00,22.906
2021-05-06 08:00:00,23.203
2021-05-06 09:00:00,23.21
2021-05-06 10:00:00,23.298
2021-05-06 11:00:00,23.228
2021-05-06 12:00:00,23.176
2021-05-06 13:00:00,23.007
2021-05-06 14:00:00,22.853
2021-05-06 15:00:00,22.873
2021-05-06 16:00:00,22.979
2021-05-06 17:00:00,23.0
2021-05-06 18:00:00,22.952
2021-05-06 19:00:00,23.01
2021-05-06 20:00:00,23.175
2021-05-06 21:00:00,23.203
2021-05-06 22:00:00,23.212
2021-05-06 23:00:00,23.186
2021-05-07 00:00:00,23.105
2021-05-07 01:00:00,23.1
2021-05-07 02:00:00,22.977
2021-05-07 03:00:00,22.898
2021-05-07 04:00:00,22.817
2021-05-07 05:00:00,22.752
2021-05-07 06:00:00,22.643
2021-05-07 07:00:00,22.637
2021-05-07 08:00:00,22.765
2021-05-07 09:00:00,22.804
2021-05-07 10:00:00,22.83
2021-05-07 11:00:00,22.659
2021-05-07 12:00:00,22.645
2021-05-07 13:00:00,22.757
2021-05-07 14:00:00,22.9
2021-05-07 15:00:00,22.984
2021-05-07 16:00:00,23.073
2021-05-07 17:00:00,23.1
2021-05-07 18:00:00,23.102
2021-05-07 19:00:00,23.186
2021-05-07 20:00:00,23.167
2021-05-07 21:00:00,23.101
2021-05-07 22:00:00,23.162
2021-05-07 23:00:00,23.197
2021-05-08 00:00:00,23.195
2021-05-08 01:00:00,23.114
2021-05-08 02:00:00,23.1
2021-05-08 03:00:00,23.1
2021-05-08 04:00:00,23.011
2021-05-08 05:00:00,22.978
2021-05-08 06:00:00,22.916
2021-05-08 07:00:00,23.025
2021-05-08 08:00:00,23.177
2021-05-08 09:00:00,23.39
2021-05-08 10:00:00,23.442
2021-05-08 11:00:00,23.427
2021-05-08 12:00:00,23.384
2021-05-08 13:00:00,23.241
2021-05-08 14:00:00,23.154
2021-05-08 15:00:00,23.101
2021-05-08 16:00:00,23.115
2021-05-08 17:00:00,23.1
2021-05-08 18:00:00,23.188
2021-05-08 19:00:00,23.456
2021-05-08 20:00:00,23.278
2021-05-08 21:00:00,23.253
2021-05-08 22:00:00,23.113
2021-05-08 23:00:00,23.489
2021-05-09 00:00:00,23.675
2021-05-09 01:00:00,23.6235
2021-05-09 02:00:00,23.509066666666666
2021-05-09 03:00:00,22.946
2021-05-09 04:00:00,22.352
2021-05-09 05:00:00,22.313
2021-05-09 06:00:00,22.552
2021-05-09 07:00:00,22.832
2021-05-09 08:00:00,23.081
2021-05-09 09:00:00,23.527
2021-05-09 10:00:00,23.736
2021-05-09 11:00:00,23.754
2021-05-09 12:00:00,23.7
2021-05-09 13:00:00,23.653
2021-05-09 14:00:00,23.607
2021-05-09 15:00:00,23.525
2021-05-09 16:00:00,23.636
2021-05-09 17:00:00,23.657
2021-05-09 18:00:00,23.347
2021-05-09 19:00:00,23.303
2021-05-09 20:00:00,23.466
2021-05-09 21:00:00,23.637
2021-05-09 22:00:00,23.604
2021-05-09 23:00:00,23.820285714285717
2021-05-10 00:00:00,23.675
2021-05-10 01:00:00,24.8
2021-05-10 02:00:00,24.075
2021-05-10 03:00:00,23.774
2021-05-10 04:00:00,23.706
2021-05-10 05:00:00,23.66
2021-05-10 06:00:00,23.543
2021-05-10 07:00:00,23.508
2021-05-10 08:00:00,23.244
2021-05-10 09:00:00,22.975
2021-05-10 10:00:00,22.761
2021-05-10 11:00:00,22.732
2021-05-10 12:00:00,22.616
2021-05-10 13:00:00,22.485
2021-05-10 14:00:00,22.494
2021-05-10 15:00:00,22.497
2021-05-10 16:00:00,22.581
2021-05-10 17:00:00,22.506
2021-05-10 18:00:00,22.57
2021-05-10 19:00:00,22.621
2021-05-10 20:00:00,22.857
2021-05-10 21:00:00,22.9
2021-05-10 22:00:00,22.9
2021-05-10 23:00:00,22.889
2021-05-11 00:00:00,22.9
2021-05-11 01:00:00,22.896
2021-05-11 02:00:00,22.774
2021-05-11 03:00:00,22.643
2021-05-11 04:00:00,22.598
2021-05-11 05:00:00,22.505
2021-05-11 06:00:00,22.597
2021-05-11 07:00:00,22.791
2021-05-11 08:00:00,22.964
2021-05-11 09:00:00,23.135
2021-05-11 10:00:00,23.236
2021-05-11 11:00:00,23.281
2021-05-11 12:00:00,23.171
2021-05-11 13:00:00,23.045
2021-05-11 14:00:00,23.0
2021-05-11 15:00:00,23.0
2021-05-11 16:00:00,23.066
2021-05-11 17:00:00,23.139
2021-05-11 18:00:00,23.313
2021-05-11 19:00:00,23.309
2021-05-11 20:00:00,23.357
2021-05-11 21:00:00,23.4
2021-05-11 22:00:00,23.398
2021-05-11 23:00:00,23.423
2021-05-12 00:00:00,23.413
2021-05-12 01:00:00,23.355
2021-05-12 02:00:00,23.3
2021-05-12 03:00:00,23.35526666666666
2021-05-12 04:00:00,23.25526666666667
2021-05-12 05:00:00,23.231833333333334
2021-05-12 06:00:00,23.260366666666663
2021-05-12 07:00:00,23.37633333333333
2021-05-12 08:00:00,23.576600000000003
2021-05-12 09:00:00,23.718
2021-05-12 10:00:00,23.75926666666667
2021-05-12 11:00:00,23.782899999999998
2021-05-12 12:00:00,23.75956666666667
2021-05-12 13:00:00,23.726466666666667
2021-05-12 14:00:00,23.71456666666666
2021-05-12 15:00:00,23.723133333333337
2021-05-12 16:00:00,23.764733333333332
2021-05-12 17:00:00,23.792399999999997
2021-05-12 18:00:00,23.826033333333335
2021-05-12 19:00:00,23.879099999999998
2021-05-12 20:00:00,23.906666666666673
2021-05-12 21:00:00,23.886966666666662
2021-05-12 22:00:00,23.821966666666665
2021-05-12 23:00:00,23.820285714285717
2021-05-13 00:00:00,24.049
2021-05-13 01:00:00,23.999
2021-05-13 02:00:00,23.922
2021-05-13 03:00:00,23.899
2021-05-13 04:00:00,23.883
2021-05-13 05:00:00,23.899
2021-05-13 06:00:00,23.955
2021-05-13 07:00:00,24.217
2021-05-13 08:00:00,24.691
2021-05-13 09:00:00,25.051
2021-05-13 10:00:00,25.216
2021-05-13 11:00:00,25.138
2021-05-13 12:00:00,25.027
2021-05-13 13:00:00,24.903
2021-05-13 14:00:00,24.887
2021-05-13 15:00:00,24.889
2021-05-13 16:00:00,24.9
2021-05-13 17:00:00,25.018
2021-05-13 18:00:00,25.174
2021-05-13 19:00:00,25.184
2021-05-13 20:00:00,25.2
2021-05-13 21:00:00,25.081
2021-05-13 22:00:00,24.916
2021-05-13 23:00:00,24.872
2021-05-14 00:00:00,24.74
2021-05-14 01:00:00,24.584
2021-05-14 02:00:00,24.476
2021-05-14 03:00:00,24.382
2021-05-14 04:00:00,24.293
2021-05-14 05:00:00,24.172
2021-05-14 06:00:00,24.202
2021-05-14 07:00:00,24.624
2021-05-14 08:00:00,24.94
2021-05-14 09:00:00,25.214
2021-05-14 10:00:00,25.445
2021-05-14 11:00:00,25.694
2021-05-14 12:00:00,25.756
2021-05-14 13:00:00,25.852
2021-05-14 14:00:00,25.901
2021-05-14 15:00:00,25.9
2021-05-14 16:00:00,25.983
2021-05-14 17:00:00,26.103
2021-05-14 18:00:00,26.299
2021-05-14 19:00:00,26.299
2021-05-14 20:00:00,26.176
2021-05-14 21:00:00,25.977
2021-05-14 22:00:00,25.771
2021-05-14 23:00:00,25.64
2021-05-15 00:00:00,25.507
2021-05-15 01:00:00,25.395
2021-05-15 02:00:00,25.303
2021-05-15 03:00:00,25.228
2021-05-15 04:00:00,25.196
2021-05-15 05:00:00,25.169
2021-05-15 06:00:00,25.2
2021-05-15 07:00:00,25.266
2021-05-15 08:00:00,25.492
2021-05-15 09:00:00,25.777
2021-05-15 10:00:00,25.859
2021-05-15 11:00:00,25.981
2021-05-15 12:00:00,26.004
2021-05-15 13:00:00,25.965
2021-05-15 14:00:00,25.831
2021-05-15 15:00:00,25.596
2021-05-15 16:00:00,25.333
2021-05-15 17:00:00,25.292
2021-05-15 18:00:00,25.42
2021-05-15 19:00:00,25.54
2021-05-15 20:00:00,25.6
2021-05-15 21:00:00,25.548
2021-05-15 22:00:00,25.523
2021-05-15 23:00:00,25.489
2021-05-16 00:00:00,25.406
2021-05-16 01:00:00,25.316
2021-05-16 02:00:00,25.28
2021-05-16 03:00:00,25.198
2021-05-16 04:00:00,25.171
2021-05-16 05:00:00,25.227
2021-05-16 06:00:00,25.35
2021-05-16 07:00:00,25.517
2021-05-16 08:00:00,25.564
2021-05-16 09:00:00,25.5
2021-05-16 10:00:00,25.451
2021-05-16 11:00:00,25.43
2021-05-16 12:00:00,25.468
2021-05-16 13:00:00,25.225
2021-05-16 14:00:00,24.863
2021-05-16 15:00:00,24.781
2021-05-16 16:00:00,24.581
2021-05-16 17:00:00,24.424
2021-05-16 18:00:00,24.611
2021-05-16 19:00:00,24.535
2021-05-16 20:00:00,24.521
2021-05-16 21:00:00,24.482
2021-05-16 22:00:00,24.308
2021-05-16 23:00:00,24.194
2021-05-17 00:00:00,23.934
2021-05-17 01:00:00,23.668
2021-05-17 02:00:00,23.618
2021-05-17 03:00:00,23.612
2021-05-17 04:00:00,23.504
2021-05-17 05:00:00,23.515
2021-05-17 06:00:00,23.609
2021-05-17 07:00:00,23.591
2021-05-17 08:00:00,23.684
2021-05-17 09:00:00,23.602
2021-05-17 10:00:00,23.499
2021-05-17 11:00:00,23.414
2021-05-17 12:00:00,23.374
2021-05-17 13:00:00,23.468
2021-05-17 14:00:00,23.671
2021-05-17 15:00:00,23.769
2021-05-17 16:00:00,23.908
2021-05-17 17:00:00,23.979
2021-05-17 18:00:00,23.56
2021-05-17 19:00:00,23.702
2021-05-17 20:00:00,23.956
2021-05-17 21:00:00,24.0
2021-05-17 22:00:00,23.928
2021-05-17 23:00:00,23.9
2021-05-18 00:00:00,23.858
2021-05-18 01:00:00,23.771
2021-05-18 02:00:00,23.727
2021-05-18 03:00:00,23.7
2021-05-18 04:00:00,23.7
2021-05-18 05:00:00,23.612
2021-05-18 06:00:00,23.5
2021-05-18 07:00:00,23.535
2021-05-18 08:00:00,23.722
2021-05-18 09:00:00,23.718
2021-05-18 10:00:00,23.369
2021-05-18 11:00:00,23.706
2021-05-18 12:00:00,23.896
2021-05-18 13:00:00,23.95
2021-05-18 14:00:00,24.128
2021-05-18 15:00:00,24.314
2021-05-18 16:00:00,24.5
2021-05-18 17:00:00,24.568
2021-05-18 18:00:00,24.484
2021-05-18 19:00:00,24.399
2021-05-18 20:00:00,24.401
2021-05-18 21:00:00,24.34
2021-05-18 22:00:00,24.18
2021-05-18 23:00:00,24.038
2021-05-19 00:00:00,23.951
2021-05-19 01:00:00,23.781
2021-05-19 02:00:00,23.647
2021-05-19 03:00:00,23.484
2021-05-19 04:00:00,23.374
2021-05-19 05:00:00,23.3
2021-05-19 06:00:00,23.437
2021-05-19 07:00:00,23.896
2021-05-19 08:00:00,24.468
2021-05-19 09:00:00,24.843
2021-05-19 10:00:00,25.029
2021-05-19 11:00:00,25.098
2021-05-19 12:00:00,25.096
2021-05-19 13:00:00,25.097
2021-05-19 14:00:00,25.016
2021-05-19 15:00:00,25.0
2021-05-19 16:00:00,25.077
2021-05-19 17:00:00,25.1
2021-05-19 18:00:00,25.1
2021-05-19 19:00:00,25.1
2021-05-19 20:00:00,25.1
2021-05-19 21:00:00,25.054
2021-05-19 22:00:00,24.917
2021-05-19 23:00:00,24.893
2021-05-20 00:00:00,24.803
2021-05-20 01:00:00,24.712
2021-05-20 02:00:00,24.614
2021-05-20 03:00:00,24.443
2021-05-20 04:00:00,24.297
2021-05-20 05:00:00,24.161
2021-05-20 06:00:00,24.04
2021-05-20 07:00:00,23.84
2021-05-20 08:00:00,23.941
2021-05-20 09:00:00,24.048
2021-05-20 10:00:00,24.141
2021-05-20 11:00:00,24.265
2021-05-20 12:00:00,24.355
2021-05-20 13:00:00,24.49
2021-05-20 14:00:00,24.496
2021-05-20 15:00:00,24.5
2021-05-20 16:00:00,24.389
2021-05-20 17:00:00,24.248
2021-05-20 18:00:00,23.912
2021-05-20 19:00:00,24.274
2021-05-20 20:00:00,24.399
2021-05-20 21:00:00,24.4
2021-05-20 22:00:00,24.331
2021-05-20 23:00:00,24.222
2021-05-21 00:00:00,24.052
2021-05-21 01:00:00,23.992
2021-05-21 02:00:00,23.983
2021-05-21 03:00:00,23.999
2021-05-21 04:00:00,23.963
2021-05-21 05:00:00,24.0
2021-05-21 06:00:00,23.951
2021-05-21 07:00:00,23.929
2021-05-21 08:00:00,23.889
2021-05-21 09:00:00,23.806
2021-05-21 10:00:00,23.65
2021-05-21 11:00:00,23.699
2021-05-21 12:00:00,23.691
2021-05-21 13:00:00,23.754
2021-05-21 14:00:00,23.75
2021-05-21 15:00:00,23.779
2021-05-21 16:00:00,23.793
2021-05-21 17:00:00,23.697
2021-05-21 18:00:00,23.85
2021-05-21 19:00:00,23.993
2021-05-21 20:00:00,24.028
2021-05-21 21:00:00,24.029
2021-05-21 22:00:00,23.892
2021-05-21 23:00:00,23.745
2021-05-22 00:00:00,23.626
2021-05-22 01:00:00,23.524
2021-05-22 02:00:00,23.423
2021-05-22 03:00:00,23.283
2021-05-22 04:00:00,23.198
2021-05-22 05:00:00,23.2
2021-05-22 06:00:00,23.198
2021-05-22 07:00:00,23.465
2021-05-22 08:00:00,23.857
2021-05-22 09:00:00,24.217
2021-05-22 10:00:00,24.352
2021-05-22 11:00:00,24.439
2021-05-22 12:00:00,24.501
2021-05-22 13:00:00,24.431
2021-05-22 14:00:00,24.463
2021-05-22 15:00:00,24.504
2021-05-22 16:00:00,24.592
2021-05-22 17:00:00,24.632
2021-05-22 18:00:00,24.7
2021-05-22 19:00:00,24.7
2021-05-22 20:00:00,24.706
2021-05-22 21:00:00,24.7
2021-05-22 22:00:00,24.615
2021-05-22 23:00:00,24.6
2021-05-23 00:00:00,24.538
2021-05-23 01:00:00,24.497
2021-05-23 02:00:00,24.408
2021-05-23 03:00:00,24.4
2021-05-23 04:00:00,24.342
2021-05-23 05:00:00,24.324
2021-05-23 06:00:00,24.391
2021-05-23 07:00:00,24.485
2021-05-23 08:00:00,24.671
2021-05-23 09:00:00,24.855
2021-05-23 10:00:00,24.899
2021-05-23 11:00:00,24.9
2021-05-23 12:00:00,24.972
2021-05-23 13:00:00,25.0
2021-05-23 14:00:00,25.0
2021-05-23 15:00:00,25.0
2021-05-23 16:00:00,25.001
2021-05-23 17:00:00,25.03
2021-05-23 18:00:00,25.008
2021-05-23 19:00:00,24.996
2021-05-23 20:00:00,24.788
2021-05-23 21:00:00,24.488
2021-05-23 22:00:00,24.345
2021-05-23 23:00:00,24.266
2021-05-24 00:00:00,24.136
2021-05-24 01:00:00,24.033
2021-05-24 02:00:00,23.933
2021-05-24 03:00:00,23.841
2021-05-24 04:00:00,23.75
2021-05-24 05:00:00,23.881
2021-05-24 06:00:00,23.905
2021-05-24 07:00:00,23.832
2021-05-24 08:00:00,23.855
2021-05-24 09:00:00,24.294
2021-05-24 10:00:00,24.689
2021-05-24 11:00:00,24.841
2021-05-24 12:00:00,24.843
2021-05-24 13:00:00,24.793
2021-05-24 14:00:00,24.813
2021-05-24 15:00:00,24.819
2021-05-24 16:00:00,24.8
2021-05-24 17:00:00,24.745
2021-05-24 18:00:00,24.677
2021-05-24 19:00:00,24.643
2021-05-24 20:00:00,24.671
2021-05-24 21:00:00,24.568
2021-05-24 22:00:00,24.444
2021-05-24 23:00:00,24.346
2021-05-25 00:00:00,24.218
2021-05-25 01:00:00,24.118
2021-05-25 02:00:00,23.925
2021-05-25 03:00:00,23.804
2021-05-25 04:00:00,23.701
2021-05-25 05:00:00,23.7
2021-05-25 06:00:00,23.699
2021-05-25 07:00:00,23.782
2021-05-25 08:00:00,23.777
2021-05-25 09:00:00,23.835
2021-05-25 10:00:00,23.771
2021-05-25 11:00:00,23.824
2021-05-25 12:00:00,23.801
2021-05-25 13:00:00,23.859
2021-05-25 14:00:00,24.04
2021-05-25 15:00:00,24.1
2021-05-25 16:00:00,24.177
2021-05-25 17:00:00,24.232
2021-05-25 18:00:00,24.306
2021-05-25 19:00:00,24.304
2021-05-25 20:00:00,24.299
2021-05-25 21:00:00,24.176
2021-05-25 22:00:00,24.036
2021-05-25 23:00:00,23.914
2021-05-26 00:00:00,23.806
2021-05-26 01:00:00,23.719
2021-05-26 02:00:00,23.603
2021-05-26 03:00:00,23.44
2021-05-26 04:00:00,23.385
2021-05-26 05:00:00,23.3
2021-05-26 06:00:00,23.235
2021-05-26 07:00:00,23.384
2021-05-26 08:00:00,23.823
2021-05-26 09:00:00,24.106
2021-05-26 10:00:00,24.2
2021-05-26 11:00:00,24.163
2021-05-26 12:00:00,24.099
2021-05-26 13:00:00,24.002
2021-05-26 14:00:00,24.0
2021-05-26 15:00:00,23.968
2021-05-26 16:00:00,23.975
2021-05-26 17:00:00,24.067
2021-05-26 18:00:00,24.231
2021-05-26 19:00:00,24.3
2021-05-26 20:00:00,24.3
2021-05-26 21:00:00,24.247
2021-05-26 22:00:00,24.146
2021-05-26 23:00:00,24.101
2021-05-27 00:00:00,24.035
2021-05-27 01:00:00,23.953
2021-05-27 02:00:00,23.9
2021-05-27 03:00:00,23.829
2021-05-27 04:00:00,23.775
2021-05-27 05:00:00,23.729
2021-05-27 06:00:00,23.704
2021-05-27 07:00:00,23.623
2021-05-27 08:00:00,23.404
2021-05-27 09:00:00,23.53
2021-05-27 10:00:00,23.604
2021-05-27 11:00:00,23.655
2021-05-27 12:00:00,23.7
2021-05-27 13:00:00,23.595
2021-05-27 14:00:00,23.531
2021-05-27 15:00:00,23.575
2021-05-27 16:00:00,23.605
2021-05-27 17:00:00,23.6
2021-05-27 18:00:00,23.6
2021-05-27 19:00:00,23.6
2021-05-27 20:00:00,23.604
2021-05-27 21:00:00,23.678
2021-05-27 22:00:00,23.672
2021-05-27 23:00:00,23.604
2021-05-28 00:00:00,23.483
2021-05-28 01:00:00,23.228
2021-05-28 02:00:00,23.156
2021-05-28 03:00:00,23.001
2021-05-28 04:00:00,23.0
2021-05-28 05:00:00,22.997
2021-05-28 06:00:00,22.805
2021-05-28 07:00:00,22.665
2021-05-28 08:00:00,22.954
2021-05-28 09:00:00,23.098
2021-05-28 10:00:00,23.086
2021-05-28 11:00:00,22.775
2021-05-28 12:00:00,22.649
2021-05-28 13:00:00,22.598
2021-05-28 14:00:00,22.648
2021-05-28 15:00:00,22.716
2021-05-28 16:00:00,22.937
2021-05-28 17:00:00,23.058
2021-05-28 18:00:00,23.111
2021-05-28 19:00:00,23.199
2021-05-28 20:00:00,23.175
2021-05-28 21:00:00,22.988
2021-05-28 22:00:00,22.847
2021-05-28 23:00:00,22.8
2021-05-29 00:00:00,22.792
2021-05-29 01:00:00,22.71
2021-05-29 02:00:00,22.623
2021-05-29 03:00:00,22.542
2021-05-29 04:00:00,22.464
2021-05-29 05:00:00,22.561
2021-05-29 06:00:00,22.775
2021-05-29 07:00:00,22.995
2021-05-29 08:00:00,23.308
2021-05-29 09:00:00,23.57
2021-05-29 10:00:00,23.7
2021-05-29 11:00:00,23.688
2021-05-29 12:00:00,23.638
2021-05-29 13:00:00,23.703
2021-05-29 14:00:00,23.603
2021-05-29 15:00:00,23.499
2021-05-29 16:00:00,23.436
2021-05-29 17:00:00,23.406
2021-05-29 18:00:00,23.371
2021-05-29 19:00:00,23.302
2021-05-29 20:00:00,23.301
2021-05-29 21:00:00,23.307
2021-05-29 22:00:00,23.154
2021-05-29 23:00:00,23.087
2021-05-30 00:00:00,22.953
2021-05-30 01:00:00,23.006
2021-05-30 02:00:00,23.187
2021-05-30 03:00:00,23.286
2021-05-30 04:00:00,23.258
2021-05-30 05:00:00,23.2
2021-05-30 06:00:00,23.268
2021-05-30 07:00:00,23.406
2021-05-30 08:00:00,23.611
2021-05-30 09:00:00,23.904
2021-05-30 10:00:00,24.053
2021-05-30 11:00:00,24.1
2021-05-30 12:00:00,24.102
2021-05-30 13:00:00,24.079
2021-05-30 14:00:00,24.088
2021-05-30 15:00:00,24.031
2021-05-30 16:00:00,24.1
2021-05-30 17:00:00,24.101
2021-05-30 18:00:00,24.183
2021-05-30 19:00:00,24.221
2021-05-30 20:00:00,24.046
2021-05-30 21:00:00,23.991
2021-05-30 22:00:00,23.863
2021-05-30 23:00:00,23.752
2021-05-31 00:00:00,23.592
2021-05-31 01:00:00,23.454
2021-05-31 02:00:00,23.344
2021-05-31 03:00:00,23.26
2021-05-31 04:00:00,23.201
2021-05-31 05:00:00,23.204
2021-05-31 06:00:00,23.201
2021-05-31 07:00:00,23.265
2021-05-31 08:00:00,23.441
2021-05-31 09:00:00,23.5
2021-05-31 10:00:00,23.5
2021-05-31 11:00:00,23.54
2021-05-31 12:00:00,23.6
2021-05-31 13:00:00,23.6
2021-05-31 14:00:00,23.626
2021-05-31 15:00:00,23.734
2021-05-31 16:00:00,23.829
2021-05-31 17:00:00,23.912
2021-05-31 18:00:00,24.086
2021-05-31 19:00:00,24.093
2021-05-31 20:00:00,24.103
2021-05-31 21:00:00,24.113
2021-05-31 22:00:00,24.041
2021-05-31 23:00:00,23.969
